userID,eventID,like
1,1,0
1,2,0
1,3,0
1,4,0
1,5,0
1,6,0
1,7,0
1,8,0
1,9,1
1,10,1
1,11,0
1,12,0
1,13,1
1,14,1
1,15,1
1,16,1
1,17,0
1,18,0
1,19,1
1,20,0
1,21,0
1,22,0
1,23,0
1,24,1
1,25,1
1,26,1
1,27,0
1,28,0
1,29,1
1,30,0
1,31,0
1,32,1
1,33,0
1,34,0
1,35,1
1,36,1
1,37,0
1,38,1
1,39,1
1,40,0
1,41,1
1,42,1
1,43,0
1,44,0
1,45,1
1,46,0
1,47,0
1,48,0
1,49,0
1,50,0
1,51,1
1,52,0
1,53,1
1,54,1
1,55,1
1,56,0
1,57,0
1,58,1
1,59,0
1,60,1
1,61,1
1,62,1
1,63,0
1,64,0
1,65,0
1,66,0
1,67,0
1,68,1
1,69,0
1,70,1
1,71,1
1,72,1
1,73,1
1,74,0
1,75,1
1,76,1
1,77,1
2,1,0
2,2,1
2,3,0
2,4,0
2,5,1
2,6,1
2,7,0
2,8,0
2,9,0
2,10,1
2,11,1
2,12,0
2,13,0
2,14,1
2,15,1
2,16,0
2,17,0
2,18,0
2,19,0
2,20,1
2,21,1
2,22,0
2,23,0
2,24,1
2,25,0
2,26,0
2,27,1
2,28,0
2,29,0
2,30,0
2,31,0
2,32,0
2,33,0
2,34,0
2,35,1
2,36,0
2,37,0
2,38,1
2,39,0
2,40,0
2,41,0
2,42,1
2,43,0
2,44,1
2,45,0
2,46,1
2,47,0
2,48,0
2,49,0
2,50,1
2,51,1
2,52,0
2,53,0
2,54,0
2,55,1
2,56,0
2,57,0
2,58,0
2,59,1
2,60,1
2,61,1
2,62,1
2,63,0
2,64,0
2,65,1
2,66,0
2,67,0
2,68,0
2,69,0
2,70,0
2,71,0
2,72,0
2,73,0
2,74,0
2,75,0
2,76,1
2,77,1
3,1,1
3,2,0
3,3,0
3,4,0
3,5,1
3,6,1
3,7,0
3,8,1
3,9,1
3,10,1
3,11,1
3,12,0
3,13,1
3,14,1
3,15,0
3,16,1
3,17,0
3,18,1
3,19,1
3,20,1
3,21,0
3,22,1
3,23,1
3,24,0
3,25,0
3,26,0
3,27,0
3,28,1
3,29,1
3,30,1
3,31,0
3,32,1
3,33,1
3,34,1
3,35,0
3,36,0
3,37,0
3,38,1
3,39,0
3,40,1
3,41,0
3,42,0
3,43,0
3,44,1
3,45,0
3,46,0
3,47,0
3,48,1
3,49,1
3,50,1
3,51,1
3,52,0
3,53,0
3,54,1
3,55,1
3,56,0
3,57,0
3,58,0
3,59,1
3,60,0
3,61,0
3,62,1
3,63,0
3,64,0
3,65,1
3,66,0
3,67,1
3,68,0
3,69,0
3,70,1
3,71,0
3,72,1
3,73,1
3,74,0
3,75,0
3,76,0
3,77,1
4,1,1
4,2,0
4,3,1
4,4,0
4,5,1
4,6,1
4,7,1
4,8,0
4,9,0
4,10,0
4,11,0
4,12,0
4,13,1
4,14,1
4,15,1
4,16,0
4,17,1
4,18,0
4,19,0
4,20,0
4,21,0
4,22,1
4,23,1
4,24,0
4,25,0
4,26,0
4,27,0
4,28,0
4,29,0
4,30,0
4,31,1
4,32,1
4,33,1
4,34,1
4,35,1
4,36,0
4,37,1
4,38,0
4,39,0
4,40,0
4,41,0
4,42,0
4,43,0
4,44,0
4,45,0
4,46,1
4,47,0
4,48,0
4,49,0
4,50,0
4,51,1
4,52,1
4,53,0
4,54,0
4,55,0
4,56,1
4,57,0
4,58,1
4,59,1
4,60,0
4,61,1
4,62,1
4,63,1
4,64,0
4,65,0
4,66,1
4,67,0
4,68,1
4,69,1
4,70,1
4,71,0
4,72,0
4,73,0
4,74,0
4,75,1
4,76,0
4,77,0
5,1,0
5,2,1
5,3,0
5,4,0
5,5,0
5,6,1
5,7,0
5,8,0
5,9,1
5,10,1
5,11,0
5,12,0
5,13,0
5,14,0
5,15,0
5,16,0
5,17,0
5,18,1
5,19,0
5,20,0
5,21,1
5,22,1
5,23,1
5,24,0
5,25,0
5,26,0
5,27,1
5,28,1
5,29,1
5,30,0
5,31,0
5,32,1
5,33,1
5,34,1
5,35,1
5,36,0
5,37,1
5,38,1
5,39,0
5,40,0
5,41,0
5,42,1
5,43,0
5,44,1
5,45,1
5,46,0
5,47,0
5,48,0
5,49,1
5,50,0
5,51,1
5,52,1
5,53,0
5,54,0
5,55,1
5,56,1
5,57,0
5,58,0
5,59,0
5,60,1
5,61,1
5,62,0
5,63,0
5,64,0
5,65,1
5,66,1
5,67,0
5,68,1
5,69,0
5,70,1
5,71,0
5,72,0
5,73,0
5,74,1
5,75,0
5,76,1
5,77,0
6,1,1
6,2,1
6,3,0
6,4,0
6,5,0
6,6,1
6,7,1
6,8,0
6,9,1
6,10,1
6,11,0
6,12,0
6,13,1
6,14,1
6,15,1
6,16,1
6,17,0
6,18,1
6,19,0
6,20,0
6,21,0
6,22,1
6,23,0
6,24,1
6,25,1
6,26,1
6,27,0
6,28,0
6,29,0
6,30,1
6,31,1
6,32,1
6,33,1
6,34,1
6,35,1
6,36,0
6,37,1
6,38,0
6,39,0
6,40,1
6,41,1
6,42,0
6,43,0
6,44,1
6,45,0
6,46,1
6,47,1
6,48,0
6,49,1
6,50,1
6,51,0
6,52,0
6,53,0
6,54,1
6,55,0
6,56,1
6,57,0
6,58,1
6,59,1
6,60,1
6,61,0
6,62,0
6,63,0
6,64,1
6,65,0
6,66,1
6,67,0
6,68,1
6,69,0
6,70,1
6,71,1
6,72,0
6,73,0
6,74,1
6,75,0
6,76,1
6,77,0
7,1,1
7,2,0
7,3,0
7,4,0
7,5,1
7,6,1
7,7,1
7,8,1
7,9,0
7,10,0
7,11,1
7,12,1
7,13,0
7,14,1
7,15,1
7,16,0
7,17,1
7,18,0
7,19,1
7,20,0
7,21,0
7,22,1
7,23,0
7,24,0
7,25,0
7,26,1
7,27,0
7,28,1
7,29,1
7,30,1
7,31,0
7,32,0
7,33,1
7,34,0
7,35,0
7,36,1
7,37,0
7,38,1
7,39,0
7,40,0
7,41,1
7,42,1
7,43,0
7,44,1
7,45,1
7,46,0
7,47,1
7,48,0
7,49,0
7,50,1
7,51,1
7,52,1
7,53,0
7,54,0
7,55,0
7,56,1
7,57,0
7,58,0
7,59,1
7,60,0
7,61,1
7,62,0
7,63,0
7,64,0
7,65,1
7,66,0
7,67,0
7,68,0
7,69,1
7,70,0
7,71,1
7,72,1
7,73,0
7,74,1
7,75,0
7,76,1
7,77,1
8,1,0
8,2,0
8,3,1
8,4,1
8,5,1
8,6,1
8,7,0
8,8,1
8,9,1
8,10,0
8,11,0
8,12,1
8,13,1
8,14,0
8,15,1
8,16,1
8,17,0
8,18,1
8,19,0
8,20,0
8,21,1
8,22,0
8,23,1
8,24,1
8,25,1
8,26,1
8,27,0
8,28,0
8,29,0
8,30,0
8,31,0
8,32,0
8,33,1
8,34,0
8,35,1
8,36,0
8,37,1
8,38,0
8,39,1
8,40,1
8,41,0
8,42,1
8,43,1
8,44,0
8,45,0
8,46,1
8,47,1
8,48,1
8,49,1
8,50,1
8,51,0
8,52,1
8,53,1
8,54,1
8,55,1
8,56,0
8,57,0
8,58,0
8,59,1
8,60,0
8,61,1
8,62,0
8,63,0
8,64,0
8,65,0
8,66,0
8,67,0
8,68,0
8,69,0
8,70,0
8,71,1
8,72,0
8,73,1
8,74,0
8,75,1
8,76,0
8,77,0
9,1,1
9,2,1
9,3,0
9,4,1
9,5,0
9,6,1
9,7,0
9,8,1
9,9,0
9,10,1
9,11,1
9,12,0
9,13,1
9,14,0
9,15,1
9,16,1
9,17,0
9,18,0
9,19,1
9,20,1
9,21,0
9,22,1
9,23,0
9,24,1
9,25,0
9,26,1
9,27,1
9,28,1
9,29,0
9,30,0
9,31,1
9,32,0
9,33,1
9,34,0
9,35,1
9,36,1
9,37,1
9,38,1
9,39,0
9,40,0
9,41,0
9,42,1
9,43,1
9,44,0
9,45,1
9,46,0
9,47,0
9,48,1
9,49,1
9,50,0
9,51,0
9,52,0
9,53,1
9,54,0
9,55,0
9,56,1
9,57,1
9,58,0
9,59,0
9,60,1
9,61,0
9,62,1
9,63,1
9,64,1
9,65,0
9,66,0
9,67,1
9,68,1
9,69,0
9,70,1
9,71,0
9,72,1
9,73,0
9,74,0
9,75,0
9,76,1
9,77,0
10,1,0
10,2,0
10,3,1
10,4,0
10,5,1
10,6,1
10,7,1
10,8,0
10,9,1
10,10,1
10,11,0
10,12,1
10,13,1
10,14,1
10,15,1
10,16,0
10,17,0
10,18,1
10,19,1
10,20,0
10,21,1
10,22,1
10,23,1
10,24,1
10,25,1
10,26,1
10,27,1
10,28,1
10,29,1
10,30,1
10,31,0
10,32,0
10,33,0
10,34,1
10,35,1
10,36,0
10,37,1
10,38,0
10,39,1
10,40,1
10,41,1
10,42,0
10,43,0
10,44,1
10,45,1
10,46,0
10,47,1
10,48,1
10,49,0
10,50,0
10,51,0
10,52,1
10,53,1
10,54,1
10,55,1
10,56,0
10,57,1
10,58,1
10,59,0
10,60,0
10,61,1
10,62,1
10,63,1
10,64,0
10,65,0
10,66,1
10,67,1
10,68,1
10,69,1
10,70,0
10,71,1
10,72,0
10,73,0
10,74,1
10,75,1
10,76,0
10,77,1
11,1,0
11,2,1
11,3,1
11,4,0
11,5,1
11,6,0
11,7,0
11,8,1
11,9,1
11,10,0
11,11,0
11,12,0
11,13,1
11,14,1
11,15,1
11,16,0
11,17,0
11,18,0
11,19,1
11,20,1
11,21,1
11,22,1
11,23,1
11,24,0
11,25,1
11,26,1
11,27,1
11,28,1
11,29,1
11,30,1
11,31,0
11,32,0
11,33,0
11,34,0
11,35,0
11,36,0
11,37,1
11,38,0
11,39,0
11,40,1
11,41,0
11,42,1
11,43,1
11,44,0
11,45,1
11,46,1
11,47,0
11,48,1
11,49,1
11,50,1
11,51,0
11,52,0
11,53,1
11,54,1
11,55,1
11,56,1
11,57,1
11,58,1
11,59,0
11,60,1
11,61,0
11,62,1
11,63,1
11,64,0
11,65,1
11,66,0
11,67,1
11,68,0
11,69,0
11,70,0
11,71,1
11,72,1
11,73,1
11,74,0
11,75,1
11,76,1
11,77,0
12,1,1
12,2,1
12,3,0
12,4,0
12,5,1
12,6,0
12,7,0
12,8,1
12,9,0
12,10,0
12,11,0
12,12,1
12,13,0
12,14,1
12,15,0
12,16,1
12,17,1
12,18,0
12,19,0
12,20,0
12,21,0
12,22,0
12,23,1
12,24,1
12,25,0
12,26,1
12,27,0
12,28,1
12,29,0
12,30,0
12,31,1
12,32,0
12,33,1
12,34,0
12,35,1
12,36,1
12,37,1
12,38,0
12,39,0
12,40,1
12,41,1
12,42,1
12,43,1
12,44,1
12,45,0
12,46,0
12,47,1
12,48,0
12,49,0
12,50,1
12,51,1
12,52,1
12,53,1
12,54,0
12,55,1
12,56,1
12,57,0
12,58,1
12,59,1
12,60,1
12,61,0
12,62,0
12,63,0
12,64,0
12,65,0
12,66,1
12,67,0
12,68,1
12,69,1
12,70,1
12,71,1
12,72,0
12,73,0
12,74,0
12,75,1
12,76,0
12,77,1
13,1,0
13,2,0
13,3,1
13,4,0
13,5,1
13,6,0
13,7,0
13,8,0
13,9,1
13,10,0
13,11,0
13,12,0
13,13,0
13,14,0
13,15,1
13,16,0
13,17,0
13,18,1
13,19,1
13,20,0
13,21,0
13,22,0
13,23,0
13,24,0
13,25,1
13,26,0
13,27,0
13,28,1
13,29,1
13,30,0
13,31,0
13,32,1
13,33,1
13,34,0
13,35,0
13,36,0
13,37,0
13,38,1
13,39,1
13,40,1
13,41,1
13,42,0
13,43,1
13,44,0
13,45,0
13,46,0
13,47,1
13,48,0
13,49,0
13,50,0
13,51,1
13,52,0
13,53,1
13,54,1
13,55,1
13,56,0
13,57,1
13,58,1
13,59,0
13,60,1
13,61,0
13,62,1
13,63,0
13,64,0
13,65,0
13,66,0
13,67,0
13,68,0
13,69,1
13,70,1
13,71,0
13,72,1
13,73,1
13,74,1
13,75,0
13,76,0
13,77,1
14,1,0
14,2,1
14,3,0
14,4,0
14,5,0
14,6,1
14,7,1
14,8,1
14,9,1
14,10,0
14,11,0
14,12,1
14,13,0
14,14,1
14,15,0
14,16,0
14,17,0
14,18,0
14,19,1
14,20,0
14,21,0
14,22,0
14,23,0
14,24,1
14,25,1
14,26,0
14,27,0
14,28,0
14,29,1
14,30,0
14,31,0
14,32,0
14,33,0
14,34,1
14,35,0
14,36,1
14,37,0
14,38,0
14,39,0
14,40,0
14,41,0
14,42,1
14,43,0
14,44,0
14,45,0
14,46,0
14,47,0
14,48,0
14,49,1
14,50,1
14,51,1
14,52,1
14,53,0
14,54,1
14,55,0
14,56,0
14,57,1
14,58,0
14,59,1
14,60,0
14,61,1
14,62,0
14,63,1
14,64,1
14,65,1
14,66,0
14,67,0
14,68,1
14,69,1
14,70,1
14,71,1
14,72,0
14,73,1
14,74,1
14,75,0
14,76,1
14,77,0
15,1,1
15,2,1
15,3,0
15,4,0
15,5,0
15,6,0
15,7,1
15,8,0
15,9,0
15,10,1
15,11,1
15,12,1
15,13,1
15,14,1
15,15,1
15,16,1
15,17,0
15,18,0
15,19,1
15,20,0
15,21,1
15,22,1
15,23,1
15,24,0
15,25,1
15,26,1
15,27,0
15,28,0
15,29,1
15,30,0
15,31,0
15,32,0
15,33,0
15,34,0
15,35,1
15,36,0
15,37,1
15,38,1
15,39,1
15,40,0
15,41,0
15,42,0
15,43,1
15,44,0
15,45,0
15,46,0
15,47,1
15,48,0
15,49,0
15,50,1
15,51,1
15,52,1
15,53,1
15,54,0
15,55,1
15,56,0
15,57,0
15,58,1
15,59,1
15,60,1
15,61,0
15,62,0
15,63,1
15,64,0
15,65,1
15,66,0
15,67,0
15,68,1
15,69,1
15,70,1
15,71,1
15,72,0
15,73,0
15,74,0
15,75,1
15,76,1
15,77,1
16,1,1
16,2,1
16,3,1
16,4,0
16,5,0
16,6,1
16,7,1
16,8,0
16,9,1
16,10,0
16,11,1
16,12,0
16,13,1
16,14,0
16,15,1
16,16,0
16,17,1
16,18,0
16,19,0
16,20,0
16,21,0
16,22,1
16,23,1
16,24,1
16,25,0
16,26,1
16,27,0
16,28,0
16,29,0
16,30,1
16,31,1
16,32,1
16,33,0
16,34,0
16,35,1
16,36,0
16,37,1
16,38,1
16,39,1
16,40,1
16,41,1
16,42,0
16,43,1
16,44,0
16,45,0
16,46,1
16,47,0
16,48,1
16,49,1
16,50,1
16,51,0
16,52,1
16,53,0
16,54,0
16,55,0
16,56,1
16,57,1
16,58,1
16,59,1
16,60,1
16,61,0
16,62,0
16,63,1
16,64,0
16,65,1
16,66,0
16,67,1
16,68,0
16,69,0
16,70,0
16,71,0
16,72,0
16,73,1
16,74,1
16,75,1
16,76,0
16,77,1
17,1,1
17,2,1
17,3,0
17,4,1
17,5,1
17,6,1
17,7,0
17,8,1
17,9,0
17,10,0
17,11,0
17,12,1
17,13,1
17,14,0
17,15,1
17,16,0
17,17,0
17,18,0
17,19,0
17,20,0
17,21,1
17,22,0
17,23,0
17,24,1
17,25,0
17,26,1
17,27,1
17,28,0
17,29,1
17,30,1
17,31,0
17,32,0
17,33,1
17,34,0
17,35,0
17,36,1
17,37,0
17,38,0
17,39,0
17,40,1
17,41,0
17,42,1
17,43,1
17,44,1
17,45,0
17,46,1
17,47,1
17,48,0
17,49,0
17,50,0
17,51,0
17,52,0
17,53,1
17,54,1
17,55,1
17,56,0
17,57,0
17,58,0
17,59,0
17,60,0
17,61,1
17,62,0
17,63,1
17,64,1
17,65,1
17,66,1
17,67,0
17,68,1
17,69,1
17,70,0
17,71,0
17,72,0
17,73,1
17,74,0
17,75,0
17,76,1
17,77,1
18,1,1
18,2,0
18,3,1
18,4,0
18,5,0
18,6,1
18,7,0
18,8,1
18,9,1
18,10,0
18,11,1
18,12,0
18,13,1
18,14,0
18,15,1
18,16,1
18,17,0
18,18,0
18,19,0
18,20,1
18,21,1
18,22,0
18,23,1
18,24,0
18,25,0
18,26,0
18,27,1
18,28,0
18,29,1
18,30,1
18,31,1
18,32,0
18,33,1
18,34,0
18,35,0
18,36,1
18,37,1
18,38,0
18,39,1
18,40,1
18,41,1
18,42,1
18,43,1
18,44,0
18,45,0
18,46,0
18,47,1
18,48,1
18,49,1
18,50,1
18,51,0
18,52,0
18,53,1
18,54,0
18,55,1
18,56,0
18,57,1
18,58,0
18,59,0
18,60,1
18,61,1
18,62,1
18,63,0
18,64,0
18,65,1
18,66,0
18,67,1
18,68,1
18,69,0
18,70,1
18,71,0
18,72,0
18,73,0
18,74,1
18,75,0
18,76,1
18,77,0
19,1,0
19,2,0
19,3,0
19,4,1
19,5,1
19,6,0
19,7,1
19,8,1
19,9,1
19,10,0
19,11,0
19,12,0
19,13,1
19,14,0
19,15,1
19,16,1
19,17,1
19,18,0
19,19,0
19,20,1
19,21,1
19,22,1
19,23,1
19,24,1
19,25,1
19,26,1
19,27,0
19,28,0
19,29,1
19,30,0
19,31,1
19,32,0
19,33,0
19,34,0
19,35,0
19,36,1
19,37,1
19,38,1
19,39,1
19,40,1
19,41,0
19,42,0
19,43,0
19,44,0
19,45,0
19,46,1
19,47,0
19,48,1
19,49,1
19,50,0
19,51,1
19,52,0
19,53,1
19,54,0
19,55,1
19,56,1
19,57,0
19,58,1
19,59,0
19,60,1
19,61,1
19,62,1
19,63,1
19,64,0
19,65,0
19,66,1
19,67,1
19,68,1
19,69,0
19,70,1
19,71,0
19,72,0
19,73,1
19,74,1
19,75,1
19,76,0
19,77,0
20,1,0
20,2,1
20,3,1
20,4,0
20,5,1
20,6,1
20,7,1
20,8,1
20,9,0
20,10,0
20,11,0
20,12,0
20,13,0
20,14,1
20,15,0
20,16,0
20,17,1
20,18,0
20,19,0
20,20,0
20,21,0
20,22,1
20,23,0
20,24,1
20,25,1
20,26,1
20,27,0
20,28,1
20,29,0
20,30,1
20,31,0
20,32,1
20,33,1
20,34,0
20,35,1
20,36,1
20,37,0
20,38,1
20,39,0
20,40,0
20,41,1
20,42,1
20,43,1
20,44,1
20,45,0
20,46,1
20,47,0
20,48,1
20,49,0
20,50,1
20,51,1
20,52,1
20,53,0
20,54,0
20,55,1
20,56,0
20,57,0
20,58,1
20,59,1
20,60,1
20,61,0
20,62,0
20,63,1
20,64,0
20,65,1
20,66,1
20,67,0
20,68,0
20,69,0
20,70,0
20,71,1
20,72,0
20,73,1
20,74,0
20,75,1
20,76,0
20,77,0
21,1,1
21,2,0
21,3,1
21,4,1
21,5,1
21,6,0
21,7,1
21,8,1
21,9,0
21,10,1
21,11,0
21,12,0
21,13,1
21,14,0
21,15,0
21,16,1
21,17,0
21,18,0
21,19,1
21,20,1
21,21,1
21,22,1
21,23,0
21,24,0
21,25,1
21,26,1
21,27,0
21,28,0
21,29,1
21,30,1
21,31,0
21,32,1
21,33,0
21,34,0
21,35,0
21,36,1
21,37,1
21,38,1
21,39,0
21,40,0
21,41,0
21,42,0
21,43,0
21,44,1
21,45,0
21,46,0
21,47,1
21,48,0
21,49,0
21,50,0
21,51,0
21,52,0
21,53,1
21,54,0
21,55,0
21,56,0
21,57,0
21,58,0
21,59,1
21,60,1
21,61,1
21,62,1
21,63,0
21,64,1
21,65,0
21,66,1
21,67,1
21,68,1
21,69,0
21,70,1
21,71,1
21,72,0
21,73,0
21,74,0
21,75,1
21,76,1
21,77,0
22,1,0
22,2,1
22,3,1
22,4,1
22,5,0
22,6,1
22,7,0
22,8,0
22,9,1
22,10,0
22,11,0
22,12,1
22,13,0
22,14,0
22,15,1
22,16,1
22,17,1
22,18,1
22,19,0
22,20,1
22,21,1
22,22,1
22,23,0
22,24,1
22,25,1
22,26,1
22,27,0
22,28,0
22,29,1
22,30,0
22,31,1
22,32,1
22,33,0
22,34,0
22,35,1
22,36,0
22,37,0
22,38,0
22,39,0
22,40,1
22,41,1
22,42,1
22,43,1
22,44,0
22,45,1
22,46,1
22,47,0
22,48,0
22,49,0
22,50,0
22,51,1
22,52,1
22,53,1
22,54,0
22,55,0
22,56,0
22,57,1
22,58,0
22,59,1
22,60,1
22,61,1
22,62,1
22,63,0
22,64,1
22,65,0
22,66,1
22,67,1
22,68,1
22,69,0
22,70,0
22,71,1
22,72,0
22,73,1
22,74,0
22,75,0
22,76,1
22,77,0
23,1,0
23,2,0
23,3,1
23,4,0
23,5,1
23,6,0
23,7,1
23,8,0
23,9,1
23,10,0
23,11,1
23,12,1
23,13,0
23,14,1
23,15,0
23,16,0
23,17,0
23,18,0
23,19,1
23,20,0
23,21,0
23,22,0
23,23,0
23,24,0
23,25,0
23,26,1
23,27,1
23,28,1
23,29,1
23,30,1
23,31,0
23,32,0
23,33,1
23,34,0
23,35,1
23,36,0
23,37,1
23,38,1
23,39,0
23,40,1
23,41,0
23,42,1
23,43,1
23,44,0
23,45,1
23,46,0
23,47,0
23,48,0
23,49,0
23,50,0
23,51,0
23,52,0
23,53,1
23,54,0
23,55,0
23,56,1
23,57,0
23,58,1
23,59,0
23,60,0
23,61,1
23,62,0
23,63,1
23,64,0
23,65,1
23,66,0
23,67,0
23,68,1
23,69,0
23,70,1
23,71,1
23,72,1
23,73,0
23,74,0
23,75,0
23,76,0
23,77,1
24,1,0
24,2,1
24,3,0
24,4,1
24,5,0
24,6,1
24,7,1
24,8,1
24,9,1
24,10,0
24,11,0
24,12,1
24,13,0
24,14,0
24,15,0
24,16,1
24,17,0
24,18,1
24,19,0
24,20,0
24,21,1
24,22,1
24,23,1
24,24,0
24,25,1
24,26,0
24,27,0
24,28,0
24,29,0
24,30,1
24,31,0
24,32,1
24,33,0
24,34,1
24,35,1
24,36,1
24,37,1
24,38,1
24,39,0
24,40,1
24,41,0
24,42,0
24,43,0
24,44,1
24,45,0
24,46,0
24,47,1
24,48,0
24,49,0
24,50,1
24,51,0
24,52,0
24,53,0
24,54,0
24,55,1
24,56,0
24,57,1
24,58,1
24,59,1
24,60,1
24,61,0
24,62,1
24,63,0
24,64,1
24,65,1
24,66,1
24,67,0
24,68,1
24,69,1
24,70,1
24,71,0
24,72,1
24,73,1
24,74,0
24,75,1
24,76,0
24,77,0
25,1,0
25,2,1
25,3,0
25,4,0
25,5,0
25,6,0
25,7,1
25,8,0
25,9,1
25,10,1
25,11,0
25,12,0
25,13,1
25,14,1
25,15,0
25,16,0
25,17,1
25,18,0
25,19,1
25,20,1
25,21,1
25,22,0
25,23,0
25,24,0
25,25,1
25,26,0
25,27,0
25,28,1
25,29,1
25,30,0
25,31,1
25,32,0
25,33,0
25,34,0
25,35,1
25,36,0
25,37,0
25,38,0
25,39,0
25,40,0
25,41,1
25,42,1
25,43,0
25,44,1
25,45,0
25,46,1
25,47,0
25,48,1
25,49,1
25,50,0
25,51,0
25,52,1
25,53,0
25,54,1
25,55,1
25,56,0
25,57,1
25,58,0
25,59,0
25,60,0
25,61,0
25,62,0
25,63,1
25,64,0
25,65,0
25,66,1
25,67,0
25,68,0
25,69,0
25,70,1
25,71,0
25,72,1
25,73,1
25,74,0
25,75,1
25,76,0
25,77,0
26,1,0
26,2,0
26,3,1
26,4,1
26,5,1
26,6,1
26,7,0
26,8,1
26,9,0
26,10,0
26,11,1
26,12,0
26,13,0
26,14,1
26,15,1
26,16,0
26,17,1
26,18,1
26,19,1
26,20,0
26,21,0
26,22,0
26,23,1
26,24,0
26,25,1
26,26,1
26,27,0
26,28,0
26,29,1
26,30,0
26,31,1
26,32,1
26,33,1
26,34,0
26,35,0
26,36,0
26,37,0
26,38,1
26,39,0
26,40,1
26,41,1
26,42,1
26,43,1
26,44,0
26,45,1
26,46,1
26,47,0
26,48,1
26,49,1
26,50,1
26,51,1
26,52,1
26,53,0
26,54,0
26,55,0
26,56,0
26,57,1
26,58,1
26,59,1
26,60,0
26,61,0
26,62,0
26,63,0
26,64,1
26,65,1
26,66,0
26,67,1
26,68,1
26,69,1
26,70,0
26,71,1
26,72,1
26,73,0
26,74,0
26,75,1
26,76,0
26,77,0
27,1,1
27,2,1
27,3,0
27,4,0
27,5,1
27,6,0
27,7,1
27,8,1
27,9,1
27,10,1
27,11,0
27,12,0
27,13,0
27,14,1
27,15,1
27,16,1
27,17,0
27,18,0
27,19,0
27,20,1
27,21,1
27,22,0
27,23,1
27,24,1
27,25,1
27,26,1
27,27,0
27,28,1
27,29,1
27,30,0
27,31,0
27,32,0
27,33,0
27,34,1
27,35,1
27,36,0
27,37,0
27,38,0
27,39,1
27,40,0
27,41,0
27,42,0
27,43,0
27,44,0
27,45,1
27,46,0
27,47,0
27,48,1
27,49,1
27,50,0
27,51,0
27,52,0
27,53,1
27,54,0
27,55,0
27,56,0
27,57,1
27,58,0
27,59,1
27,60,0
27,61,0
27,62,1
27,63,1
27,64,0
27,65,1
27,66,1
27,67,0
27,68,1
27,69,1
27,70,1
27,71,0
27,72,1
27,73,1
27,74,1
27,75,1
27,76,1
27,77,1
28,1,0
28,2,0
28,3,1
28,4,1
28,5,0
28,6,1
28,7,0
28,8,0
28,9,0
28,10,0
28,11,1
28,12,1
28,13,1
28,14,1
28,15,1
28,16,1
28,17,1
28,18,1
28,19,1
28,20,1
28,21,1
28,22,1
28,23,0
28,24,1
28,25,1
28,26,0
28,27,1
28,28,0
28,29,0
28,30,0
28,31,0
28,32,0
28,33,0
28,34,0
28,35,1
28,36,0
28,37,0
28,38,1
28,39,1
28,40,1
28,41,0
28,42,1
28,43,1
28,44,0
28,45,1
28,46,0
28,47,0
28,48,1
28,49,1
28,50,0
28,51,0
28,52,0
28,53,1
28,54,0
28,55,1
28,56,1
28,57,1
28,58,0
28,59,1
28,60,1
28,61,1
28,62,1
28,63,0
28,64,1
28,65,1
28,66,0
28,67,1
28,68,1
28,69,1
28,70,0
28,71,0
28,72,1
28,73,1
28,74,1
28,75,0
28,76,1
28,77,0
29,1,1
29,2,1
29,3,0
29,4,1
29,5,1
29,6,0
29,7,0
29,8,1
29,9,0
29,10,1
29,11,0
29,12,0
29,13,1
29,14,0
29,15,1
29,16,1
29,17,1
29,18,1
29,19,0
29,20,0
29,21,1
29,22,0
29,23,0
29,24,0
29,25,0
29,26,1
29,27,0
29,28,0
29,29,1
29,30,0
29,31,0
29,32,1
29,33,1
29,34,0
29,35,1
29,36,1
29,37,0
29,38,1
29,39,0
29,40,1
29,41,0
29,42,0
29,43,0
29,44,1
29,45,0
29,46,0
29,47,0
29,48,0
29,49,0
29,50,1
29,51,0
29,52,1
29,53,1
29,54,1
29,55,1
29,56,1
29,57,1
29,58,0
29,59,0
29,60,0
29,61,1
29,62,1
29,63,0
29,64,0
29,65,1
29,66,1
29,67,0
29,68,1
29,69,0
29,70,1
29,71,0
29,72,0
29,73,1
29,74,1
29,75,0
29,76,1
29,77,1
30,1,1
30,2,1
30,3,0
30,4,0
30,5,1
30,6,0
30,7,0
30,8,0
30,9,1
30,10,0
30,11,1
30,12,1
30,13,1
30,14,1
30,15,0
30,16,0
30,17,0
30,18,0
30,19,1
30,20,1
30,21,1
30,22,1
30,23,1
30,24,1
30,25,0
30,26,1
30,27,1
30,28,0
30,29,1
30,30,0
30,31,1
30,32,1
30,33,0
30,34,0
30,35,1
30,36,1
30,37,0
30,38,1
30,39,1
30,40,0
30,41,0
30,42,1
30,43,1
30,44,0
30,45,0
30,46,0
30,47,1
30,48,1
30,49,0
30,50,1
30,51,0
30,52,0
30,53,1
30,54,1
30,55,0
30,56,1
30,57,0
30,58,1
30,59,1
30,60,1
30,61,0
30,62,1
30,63,0
30,64,0
30,65,1
30,66,1
30,67,0
30,68,1
30,69,1
30,70,1
30,71,0
30,72,0
30,73,0
30,74,1
30,75,0
30,76,1
30,77,0
31,1,1
31,2,0
31,3,1
31,4,0
31,5,0
31,6,0
31,7,0
31,8,1
31,9,0
31,10,1
31,11,0
31,12,0
31,13,0
31,14,0
31,15,0
31,16,1
31,17,1
31,18,0
31,19,1
31,20,0
31,21,1
31,22,0
31,23,0
31,24,1
31,25,0
31,26,1
31,27,0
31,28,0
31,29,0
31,30,1
31,31,1
31,32,1
31,33,0
31,34,1
31,35,0
31,36,0
31,37,1
31,38,1
31,39,0
31,40,0
31,41,0
31,42,0
31,43,0
31,44,1
31,45,1
31,46,1
31,47,0
31,48,0
31,49,1
31,50,1
31,51,0
31,52,0
31,53,0
31,54,1
31,55,0
31,56,1
31,57,1
31,58,0
31,59,1
31,60,0
31,61,0
31,62,1
31,63,1
31,64,0
31,65,1
31,66,0
31,67,0
31,68,1
31,69,0
31,70,0
31,71,1
31,72,0
31,73,1
31,74,1
31,75,0
31,76,0
31,77,1
32,1,1
32,2,0
32,3,1
32,4,0
32,5,1
32,6,0
32,7,1
32,8,0
32,9,0
32,10,0
32,11,0
32,12,1
32,13,0
32,14,0
32,15,0
32,16,1
32,17,0
32,18,0
32,19,1
32,20,0
32,21,0
32,22,0
32,23,0
32,24,0
32,25,1
32,26,0
32,27,0
32,28,0
32,29,0
32,30,0
32,31,1
32,32,1
32,33,0
32,34,0
32,35,1
32,36,0
32,37,1
32,38,1
32,39,0
32,40,1
32,41,1
32,42,1
32,43,1
32,44,0
32,45,1
32,46,0
32,47,0
32,48,1
32,49,1
32,50,0
32,51,0
32,52,1
32,53,1
32,54,0
32,55,0
32,56,1
32,57,1
32,58,1
32,59,1
32,60,1
32,61,0
32,62,1
32,63,0
32,64,0
32,65,0
32,66,1
32,67,1
32,68,1
32,69,1
32,70,1
32,71,0
32,72,0
32,73,1
32,74,1
32,75,1
32,76,0
32,77,0
33,1,1
33,2,0
33,3,0
33,4,1
33,5,0
33,6,1
33,7,0
33,8,0
33,9,1
33,10,0
33,11,0
33,12,0
33,13,1
33,14,1
33,15,1
33,16,1
33,17,0
33,18,0
33,19,1
33,20,1
33,21,1
33,22,1
33,23,1
33,24,0
33,25,1
33,26,1
33,27,1
33,28,1
33,29,1
33,30,1
33,31,1
33,32,0
33,33,1
33,34,0
33,35,0
33,36,0
33,37,0
33,38,0
33,39,0
33,40,1
33,41,1
33,42,0
33,43,1
33,44,0
33,45,1
33,46,1
33,47,1
33,48,0
33,49,1
33,50,0
33,51,0
33,52,1
33,53,1
33,54,0
33,55,0
33,56,1
33,57,0
33,58,1
33,59,1
33,60,0
33,61,1
33,62,0
33,63,1
33,64,0
33,65,0
33,66,1
33,67,1
33,68,0
33,69,0
33,70,1
33,71,1
33,72,0
33,73,1
33,74,1
33,75,0
33,76,0
33,77,0
34,1,1
34,2,0
34,3,1
34,4,0
34,5,1
34,6,1
34,7,1
34,8,0
34,9,1
34,10,0
34,11,0
34,12,0
34,13,1
34,14,1
34,15,0
34,16,0
34,17,0
34,18,1
34,19,1
34,20,0
34,21,1
34,22,1
34,23,0
34,24,1
34,25,1
34,26,1
34,27,1
34,28,0
34,29,1
34,30,1
34,31,1
34,32,1
34,33,1
34,34,1
34,35,1
34,36,1
34,37,0
34,38,0
34,39,0
34,40,0
34,41,0
34,42,0
34,43,1
34,44,0
34,45,1
34,46,0
34,47,0
34,48,0
34,49,0
34,50,0
34,51,1
34,52,0
34,53,1
34,54,0
34,55,0
34,56,1
34,57,0
34,58,1
34,59,1
34,60,1
34,61,0
34,62,0
34,63,1
34,64,1
34,65,1
34,66,0
34,67,1
34,68,1
34,69,1
34,70,1
34,71,1
34,72,0
34,73,1
34,74,0
34,75,1
34,76,0
34,77,1
35,1,0
35,2,1
35,3,0
35,4,0
35,5,0
35,6,0
35,7,1
35,8,1
35,9,0
35,10,1
35,11,1
35,12,1
35,13,1
35,14,1
35,15,0
35,16,1
35,17,0
35,18,1
35,19,1
35,20,0
35,21,0
35,22,0
35,23,1
35,24,1
35,25,1
35,26,1
35,27,1
35,28,0
35,29,0
35,30,0
35,31,1
35,32,1
35,33,1
35,34,0
35,35,0
35,36,0
35,37,1
35,38,0
35,39,0
35,40,1
35,41,0
35,42,0
35,43,0
35,44,1
35,45,1
35,46,0
35,47,1
35,48,0
35,49,0
35,50,1
35,51,0
35,52,1
35,53,1
35,54,1
35,55,1
35,56,0
35,57,1
35,58,0
35,59,1
35,60,0
35,61,1
35,62,0
35,63,1
35,64,1
35,65,1
35,66,0
35,67,0
35,68,0
35,69,1
35,70,1
35,71,0
35,72,0
35,73,0
35,74,0
35,75,0
35,76,0
35,77,0
36,1,1
36,2,1
36,3,0
36,4,1
36,5,0
36,6,0
36,7,1
36,8,1
36,9,1
36,10,0
36,11,1
36,12,0
36,13,1
36,14,0
36,15,0
36,16,1
36,17,0
36,18,0
36,19,1
36,20,1
36,21,1
36,22,0
36,23,1
36,24,0
36,25,0
36,26,1
36,27,0
36,28,0
36,29,0
36,30,0
36,31,1
36,32,1
36,33,0
36,34,0
36,35,0
36,36,0
36,37,0
36,38,0
36,39,1
36,40,0
36,41,0
36,42,1
36,43,1
36,44,1
36,45,1
36,46,1
36,47,0
36,48,0
36,49,1
36,50,0
36,51,1
36,52,0
36,53,0
36,54,0
36,55,1
36,56,1
36,57,1
36,58,0
36,59,0
36,60,0
36,61,1
36,62,0
36,63,1
36,64,1
36,65,1
36,66,1
36,67,1
36,68,0
36,69,1
36,70,1
36,71,1
36,72,0
36,73,1
36,74,1
36,75,0
36,76,1
36,77,1
37,1,0
37,2,1
37,3,0
37,4,1
37,5,1
37,6,1
37,7,0
37,8,0
37,9,0
37,10,0
37,11,1
37,12,0
37,13,1
37,14,0
37,15,1
37,16,0
37,17,1
37,18,0
37,19,1
37,20,1
37,21,1
37,22,0
37,23,1
37,24,0
37,25,0
37,26,0
37,27,0
37,28,1
37,29,1
37,30,1
37,31,0
37,32,0
37,33,1
37,34,0
37,35,0
37,36,1
37,37,1
37,38,1
37,39,0
37,40,1
37,41,0
37,42,1
37,43,1
37,44,0
37,45,0
37,46,1
37,47,0
37,48,0
37,49,0
37,50,0
37,51,0
37,52,1
37,53,0
37,54,0
37,55,1
37,56,0
37,57,1
37,58,1
37,59,0
37,60,0
37,61,1
37,62,0
37,63,0
37,64,1
37,65,1
37,66,1
37,67,0
37,68,1
37,69,0
37,70,0
37,71,0
37,72,1
37,73,0
37,74,0
37,75,1
37,76,0
37,77,0
38,1,0
38,2,1
38,3,1
38,4,0
38,5,0
38,6,1
38,7,1
38,8,0
38,9,0
38,10,0
38,11,0
38,12,1
38,13,0
38,14,0
38,15,0
38,16,1
38,17,1
38,18,1
38,19,1
38,20,1
38,21,0
38,22,1
38,23,0
38,24,1
38,25,1
38,26,0
38,27,1
38,28,0
38,29,1
38,30,1
38,31,1
38,32,1
38,33,0
38,34,0
38,35,0
38,36,0
38,37,1
38,38,0
38,39,0
38,40,0
38,41,1
38,42,1
38,43,1
38,44,1
38,45,1
38,46,0
38,47,1
38,48,1
38,49,1
38,50,0
38,51,0
38,52,1
38,53,0
38,54,1
38,55,1
38,56,1
38,57,0
38,58,1
38,59,0
38,60,0
38,61,0
38,62,1
38,63,0
38,64,0
38,65,1
38,66,1
38,67,1
38,68,1
38,69,0
38,70,1
38,71,0
38,72,0
38,73,1
38,74,1
38,75,1
38,76,0
38,77,0
39,1,0
39,2,1
39,3,1
39,4,1
39,5,0
39,6,0
39,7,1
39,8,0
39,9,0
39,10,1
39,11,0
39,12,0
39,13,1
39,14,1
39,15,0
39,16,0
39,17,1
39,18,1
39,19,1
39,20,1
39,21,1
39,22,1
39,23,0
39,24,1
39,25,0
39,26,0
39,27,0
39,28,0
39,29,0
39,30,1
39,31,1
39,32,0
39,33,1
39,34,1
39,35,0
39,36,0
39,37,0
39,38,1
39,39,0
39,40,1
39,41,0
39,42,1
39,43,1
39,44,0
39,45,1
39,46,1
39,47,1
39,48,0
39,49,1
39,50,0
39,51,0
39,52,0
39,53,0
39,54,0
39,55,0
39,56,0
39,57,1
39,58,0
39,59,1
39,60,1
39,61,0
39,62,1
39,63,1
39,64,0
39,65,1
39,66,1
39,67,1
39,68,0
39,69,0
39,70,1
39,71,1
39,72,1
39,73,0
39,74,0
39,75,0
39,76,1
39,77,1
40,1,0
40,2,0
40,3,0
40,4,0
40,5,0
40,6,0
40,7,0
40,8,0
40,9,0
40,10,1
40,11,0
40,12,0
40,13,0
40,14,0
40,15,0
40,16,1
40,17,1
40,18,1
40,19,0
40,20,0
40,21,1
40,22,1
40,23,0
40,24,0
40,25,0
40,26,0
40,27,0
40,28,1
40,29,1
40,30,1
40,31,0
40,32,0
40,33,1
40,34,0
40,35,0
40,36,0
40,37,0
40,38,1
40,39,0
40,40,0
40,41,1
40,42,1
40,43,1
40,44,0
40,45,0
40,46,1
40,47,1
40,48,1
40,49,0
40,50,0
40,51,0
40,52,1
40,53,0
40,54,0
40,55,0
40,56,1
40,57,1
40,58,0
40,59,0
40,60,1
40,61,1
40,62,0
40,63,1
40,64,1
40,65,1
40,66,1
40,67,0
40,68,0
40,69,0
40,70,1
40,71,1
40,72,0
40,73,0
40,74,1
40,75,0
40,76,0
40,77,0
41,1,0
41,2,0
41,3,1
41,4,1
41,5,0
41,6,0
41,7,1
41,8,1
41,9,0
41,10,0
41,11,0
41,12,1
41,13,1
41,14,0
41,15,1
41,16,1
41,17,1
41,18,0
41,19,1
41,20,1
41,21,1
41,22,0
41,23,0
41,24,0
41,25,0
41,26,1
41,27,0
41,28,1
41,29,0
41,30,0
41,31,0
41,32,0
41,33,0
41,34,1
41,35,1
41,36,0
41,37,0
41,38,1
41,39,1
41,40,0
41,41,1
41,42,0
41,43,1
41,44,1
41,45,0
41,46,0
41,47,0
41,48,1
41,49,1
41,50,0
41,51,0
41,52,0
41,53,0
41,54,0
41,55,0
41,56,0
41,57,0
41,58,1
41,59,1
41,60,0
41,61,0
41,62,0
41,63,1
41,64,1
41,65,0
41,66,0
41,67,0
41,68,0
41,69,1
41,70,0
41,71,0
41,72,0
41,73,1
41,74,0
41,75,1
41,76,0
41,77,1
42,1,1
42,2,1
42,3,0
42,4,0
42,5,0
42,6,0
42,7,0
42,8,1
42,9,1
42,10,1
42,11,1
42,12,0
42,13,1
42,14,0
42,15,1
42,16,0
42,17,0
42,18,1
42,19,1
42,20,0
42,21,0
42,22,1
42,23,1
42,24,0
42,25,1
42,26,1
42,27,0
42,28,1
42,29,1
42,30,1
42,31,1
42,32,0
42,33,1
42,34,1
42,35,0
42,36,0
42,37,0
42,38,1
42,39,1
42,40,1
42,41,1
42,42,0
42,43,0
42,44,1
42,45,0
42,46,0
42,47,0
42,48,0
42,49,0
42,50,0
42,51,0
42,52,1
42,53,1
42,54,1
42,55,0
42,56,0
42,57,0
42,58,1
42,59,0
42,60,1
42,61,0
42,62,0
42,63,1
42,64,0
42,65,1
42,66,0
42,67,1
42,68,1
42,69,1
42,70,0
42,71,1
42,72,1
42,73,0
42,74,1
42,75,1
42,76,0
42,77,1
43,1,1
43,2,1
43,3,0
43,4,0
43,5,1
43,6,1
43,7,1
43,8,1
43,9,0
43,10,0
43,11,1
43,12,1
43,13,0
43,14,1
43,15,1
43,16,1
43,17,0
43,18,1
43,19,0
43,20,0
43,21,0
43,22,1
43,23,1
43,24,0
43,25,0
43,26,0
43,27,0
43,28,1
43,29,0
43,30,0
43,31,1
43,32,1
43,33,0
43,34,0
43,35,1
43,36,0
43,37,1
43,38,0
43,39,0
43,40,1
43,41,0
43,42,1
43,43,0
43,44,1
43,45,1
43,46,0
43,47,0
43,48,1
43,49,1
43,50,1
43,51,1
43,52,0
43,53,1
43,54,0
43,55,0
43,56,0
43,57,1
43,58,0
43,59,1
43,60,1
43,61,0
43,62,0
43,63,1
43,64,1
43,65,1
43,66,1
43,67,0
43,68,1
43,69,0
43,70,0
43,71,0
43,72,1
43,73,1
43,74,1
43,75,0
43,76,0
43,77,0
44,1,1
44,2,1
44,3,1
44,4,1
44,5,0
44,6,0
44,7,1
44,8,0
44,9,1
44,10,0
44,11,1
44,12,0
44,13,1
44,14,0
44,15,1
44,16,1
44,17,1
44,18,1
44,19,1
44,20,1
44,21,0
44,22,1
44,23,0
44,24,0
44,25,0
44,26,0
44,27,0
44,28,0
44,29,1
44,30,0
44,31,1
44,32,0
44,33,1
44,34,1
44,35,0
44,36,0
44,37,0
44,38,0
44,39,1
44,40,1
44,41,0
44,42,1
44,43,0
44,44,0
44,45,1
44,46,1
44,47,1
44,48,1
44,49,0
44,50,1
44,51,0
44,52,0
44,53,0
44,54,0
44,55,1
44,56,1
44,57,1
44,58,1
44,59,0
44,60,1
44,61,1
44,62,0
44,63,1
44,64,1
44,65,1
44,66,1
44,67,1
44,68,0
44,69,1
44,70,1
44,71,1
44,72,0
44,73,1
44,74,0
44,75,0
44,76,1
44,77,0
45,1,1
45,2,1
45,3,1
45,4,1
45,5,1
45,6,0
45,7,0
45,8,0
45,9,1
45,10,1
45,11,0
45,12,1
45,13,0
45,14,0
45,15,1
45,16,1
45,17,1
45,18,0
45,19,0
45,20,0
45,21,1
45,22,0
45,23,1
45,24,1
45,25,0
45,26,0
45,27,1
45,28,0
45,29,1
45,30,0
45,31,1
45,32,0
45,33,1
45,34,0
45,35,1
45,36,0
45,37,1
45,38,1
45,39,0
45,40,1
45,41,1
45,42,0
45,43,1
45,44,1
45,45,1
45,46,1
45,47,0
45,48,1
45,49,0
45,50,0
45,51,0
45,52,0
45,53,1
45,54,0
45,55,0
45,56,1
45,57,0
45,58,0
45,59,1
45,60,0
45,61,1
45,62,0
45,63,1
45,64,0
45,65,1
45,66,1
45,67,1
45,68,0
45,69,0
45,70,0
45,71,1
45,72,1
45,73,1
45,74,0
45,75,0
45,76,0
45,77,0
46,1,1
46,2,0
46,3,0
46,4,1
46,5,1
46,6,1
46,7,1
46,8,0
46,9,1
46,10,0
46,11,1
46,12,1
46,13,0
46,14,1
46,15,1
46,16,0
46,17,1
46,18,0
46,19,0
46,20,0
46,21,0
46,22,1
46,23,0
46,24,0
46,25,1
46,26,1
46,27,0
46,28,1
46,29,1
46,30,0
46,31,0
46,32,0
46,33,1
46,34,0
46,35,0
46,36,0
46,37,1
46,38,1
46,39,0
46,40,0
46,41,0
46,42,1
46,43,1
46,44,0
46,45,1
46,46,0
46,47,0
46,48,0
46,49,0
46,50,0
46,51,0
46,52,1
46,53,1
46,54,1
46,55,0
46,56,0
46,57,0
46,58,1
46,59,0
46,60,0
46,61,1
46,62,0
46,63,0
46,64,1
46,65,1
46,66,0
46,67,1
46,68,0
46,69,0
46,70,0
46,71,0
46,72,0
46,73,0
46,74,1
46,75,1
46,76,0
46,77,0
47,1,0
47,2,0
47,3,1
47,4,1
47,5,1
47,6,1
47,7,0
47,8,1
47,9,0
47,10,1
47,11,0
47,12,1
47,13,0
47,14,0
47,15,1
47,16,0
47,17,0
47,18,0
47,19,0
47,20,0
47,21,0
47,22,0
47,23,0
47,24,1
47,25,1
47,26,1
47,27,0
47,28,1
47,29,0
47,30,0
47,31,0
47,32,0
47,33,0
47,34,0
47,35,1
47,36,1
47,37,1
47,38,1
47,39,0
47,40,0
47,41,1
47,42,1
47,43,0
47,44,1
47,45,1
47,46,1
47,47,0
47,48,0
47,49,0
47,50,0
47,51,1
47,52,1
47,53,1
47,54,0
47,55,0
47,56,0
47,57,1
47,58,0
47,59,0
47,60,0
47,61,1
47,62,0
47,63,0
47,64,1
47,65,0
47,66,1
47,67,0
47,68,0
47,69,1
47,70,0
47,71,0
47,72,1
47,73,0
47,74,1
47,75,0
47,76,1
47,77,0
48,1,1
48,2,1
48,3,1
48,4,1
48,5,1
48,6,0
48,7,1
48,8,1
48,9,0
48,10,1
48,11,1
48,12,0
48,13,1
48,14,1
48,15,0
48,16,0
48,17,0
48,18,1
48,19,0
48,20,0
48,21,0
48,22,1
48,23,0
48,24,0
48,25,0
48,26,1
48,27,0
48,28,1
48,29,1
48,30,1
48,31,0
48,32,0
48,33,1
48,34,0
48,35,1
48,36,0
48,37,0
48,38,0
48,39,0
48,40,1
48,41,1
48,42,1
48,43,1
48,44,0
48,45,0
48,46,1
48,47,1
48,48,1
48,49,0
48,50,1
48,51,1
48,52,0
48,53,0
48,54,1
48,55,1
48,56,1
48,57,0
48,58,0
48,59,0
48,60,1
48,61,0
48,62,1
48,63,1
48,64,0
48,65,0
48,66,0
48,67,0
48,68,0
48,69,1
48,70,0
48,71,0
48,72,1
48,73,1
48,74,1
48,75,0
48,76,1
48,77,1
49,1,0
49,2,0
49,3,1
49,4,0
49,5,1
49,6,0
49,7,0
49,8,1
49,9,0
49,10,1
49,11,0
49,12,1
49,13,1
49,14,1
49,15,0
49,16,1
49,17,1
49,18,1
49,19,1
49,20,1
49,21,1
49,22,1
49,23,0
49,24,0
49,25,0
49,26,0
49,27,0
49,28,0
49,29,1
49,30,0
49,31,0
49,32,1
49,33,1
49,34,0
49,35,0
49,36,0
49,37,0
49,38,1
49,39,0
49,40,0
49,41,1
49,42,0
49,43,0
49,44,0
49,45,1
49,46,1
49,47,0
49,48,0
49,49,1
49,50,0
49,51,0
49,52,1
49,53,0
49,54,0
49,55,0
49,56,1
49,57,0
49,58,0
49,59,0
49,60,0
49,61,1
49,62,1
49,63,0
49,64,0
49,65,1
49,66,0
49,67,1
49,68,0
49,69,1
49,70,1
49,71,0
49,72,1
49,73,1
49,74,0
49,75,0
49,76,0
49,77,1
50,1,1
50,2,0
50,3,1
50,4,1
50,5,0
50,6,1
50,7,0
50,8,0
50,9,1
50,10,1
50,11,0
50,12,0
50,13,0
50,14,0
50,15,0
50,16,0
50,17,1
50,18,0
50,19,0
50,20,0
50,21,1
50,22,1
50,23,0
50,24,0
50,25,1
50,26,0
50,27,1
50,28,0
50,29,0
50,30,1
50,31,1
50,32,0
50,33,1
50,34,1
50,35,1
50,36,0
50,37,1
50,38,0
50,39,1
50,40,0
50,41,0
50,42,1
50,43,0
50,44,1
50,45,0
50,46,0
50,47,0
50,48,1
50,49,0
50,50,0
50,51,1
50,52,1
50,53,0
50,54,0
50,55,0
50,56,1
50,57,1
50,58,0
50,59,1
50,60,1
50,61,1
50,62,1
50,63,1
50,64,0
50,65,1
50,66,1
50,67,0
50,68,1
50,69,0
50,70,1
50,71,1
50,72,0
50,73,1
50,74,0
50,75,0
50,76,1
50,77,1
51,1,0
51,2,0
51,3,1
51,4,0
51,5,0
51,6,0
51,7,0
51,8,0
51,9,0
51,10,1
51,11,0
51,12,0
51,13,0
51,14,1
51,15,1
51,16,0
51,17,1
51,18,0
51,19,1
51,20,0
51,21,0
51,22,0
51,23,0
51,24,1
51,25,1
51,26,1
51,27,0
51,28,1
51,29,0
51,30,0
51,31,1
51,32,1
51,33,0
51,34,1
51,35,0
51,36,1
51,37,0
51,38,0
51,39,1
51,40,1
51,41,1
51,42,0
51,43,0
51,44,0
51,45,1
51,46,1
51,47,0
51,48,1
51,49,1
51,50,1
51,51,0
51,52,0
51,53,0
51,54,1
51,55,1
51,56,1
51,57,1
51,58,0
51,59,1
51,60,0
51,61,1
51,62,0
51,63,0
51,64,1
51,65,1
51,66,1
51,67,1
51,68,1
51,69,0
51,70,0
51,71,0
51,72,1
51,73,1
51,74,0
51,75,1
51,76,0
51,77,0
52,1,1
52,2,0
52,3,1
52,4,0
52,5,1
52,6,1
52,7,0
52,8,0
52,9,1
52,10,0
52,11,1
52,12,0
52,13,1
52,14,1
52,15,0
52,16,1
52,17,1
52,18,0
52,19,1
52,20,1
52,21,1
52,22,0
52,23,0
52,24,1
52,25,1
52,26,0
52,27,1
52,28,1
52,29,0
52,30,1
52,31,1
52,32,1
52,33,0
52,34,1
52,35,0
52,36,1
52,37,1
52,38,0
52,39,0
52,40,1
52,41,1
52,42,0
52,43,0
52,44,0
52,45,1
52,46,0
52,47,0
52,48,1
52,49,0
52,50,1
52,51,1
52,52,0
52,53,0
52,54,0
52,55,0
52,56,0
52,57,0
52,58,1
52,59,1
52,60,1
52,61,1
52,62,1
52,63,0
52,64,0
52,65,1
52,66,0
52,67,0
52,68,1
52,69,0
52,70,1
52,71,0
52,72,0
52,73,1
52,74,0
52,75,0
52,76,1
52,77,0
53,1,0
53,2,1
53,3,1
53,4,1
53,5,0
53,6,1
53,7,0
53,8,0
53,9,1
53,10,1
53,11,0
53,12,1
53,13,0
53,14,1
53,15,1
53,16,0
53,17,0
53,18,0
53,19,1
53,20,0
53,21,0
53,22,0
53,23,1
53,24,1
53,25,0
53,26,0
53,27,1
53,28,1
53,29,0
53,30,0
53,31,0
53,32,1
53,33,1
53,34,1
53,35,0
53,36,1
53,37,0
53,38,0
53,39,1
53,40,0
53,41,0
53,42,1
53,43,1
53,44,1
53,45,1
53,46,1
53,47,1
53,48,1
53,49,1
53,50,1
53,51,1
53,52,0
53,53,0
53,54,0
53,55,1
53,56,0
53,57,1
53,58,0
53,59,1
53,60,1
53,61,1
53,62,1
53,63,1
53,64,1
53,65,1
53,66,0
53,67,0
53,68,1
53,69,1
53,70,1
53,71,1
53,72,0
53,73,0
53,74,0
53,75,0
53,76,1
53,77,0
54,1,0
54,2,0
54,3,1
54,4,0
54,5,0
54,6,1
54,7,0
54,8,1
54,9,0
54,10,1
54,11,0
54,12,1
54,13,1
54,14,1
54,15,1
54,16,1
54,17,1
54,18,1
54,19,1
54,20,1
54,21,1
54,22,0
54,23,0
54,24,1
54,25,0
54,26,1
54,27,0
54,28,0
54,29,0
54,30,0
54,31,1
54,32,1
54,33,1
54,34,0
54,35,1
54,36,0
54,37,0
54,38,1
54,39,1
54,40,1
54,41,0
54,42,1
54,43,1
54,44,0
54,45,0
54,46,1
54,47,0
54,48,1
54,49,1
54,50,0
54,51,1
54,52,1
54,53,0
54,54,1
54,55,0
54,56,1
54,57,0
54,58,1
54,59,0
54,60,0
54,61,1
54,62,0
54,63,1
54,64,1
54,65,0
54,66,1
54,67,0
54,68,1
54,69,1
54,70,1
54,71,1
54,72,1
54,73,0
54,74,1
54,75,0
54,76,0
54,77,1
55,1,1
55,2,0
55,3,0
55,4,0
55,5,1
55,6,0
55,7,0
55,8,1
55,9,0
55,10,1
55,11,0
55,12,1
55,13,1
55,14,1
55,15,1
55,16,0
55,17,0
55,18,1
55,19,1
55,20,0
55,21,0
55,22,1
55,23,0
55,24,0
55,25,1
55,26,0
55,27,1
55,28,1
55,29,1
55,30,0
55,31,1
55,32,1
55,33,1
55,34,1
55,35,0
55,36,0
55,37,1
55,38,1
55,39,1
55,40,1
55,41,0
55,42,1
55,43,1
55,44,0
55,45,0
55,46,1
55,47,0
55,48,1
55,49,0
55,50,0
55,51,1
55,52,0
55,53,1
55,54,1
55,55,0
55,56,0
55,57,0
55,58,1
55,59,1
55,60,1
55,61,0
55,62,0
55,63,1
55,64,0
55,65,0
55,66,1
55,67,1
55,68,0
55,69,0
55,70,0
55,71,0
55,72,1
55,73,1
55,74,0
55,75,0
55,76,0
55,77,0
56,1,0
56,2,1
56,3,1
56,4,1
56,5,0
56,6,0
56,7,0
56,8,0
56,9,1
56,10,0
56,11,1
56,12,1
56,13,0
56,14,0
56,15,0
56,16,0
56,17,1
56,18,1
56,19,0
56,20,0
56,21,0
56,22,0
56,23,1
56,24,1
56,25,0
56,26,1
56,27,1
56,28,0
56,29,0
56,30,0
56,31,1
56,32,0
56,33,0
56,34,0
56,35,0
56,36,1
56,37,0
56,38,0
56,39,1
56,40,1
56,41,1
56,42,0
56,43,1
56,44,1
56,45,1
56,46,0
56,47,1
56,48,0
56,49,1
56,50,1
56,51,1
56,52,0
56,53,0
56,54,0
56,55,0
56,56,1
56,57,0
56,58,0
56,59,0
56,60,1
56,61,1
56,62,1
56,63,1
56,64,0
56,65,1
56,66,1
56,67,0
56,68,0
56,69,1
56,70,1
56,71,0
56,72,0
56,73,1
56,74,0
56,75,0
56,76,1
56,77,0
57,1,1
57,2,0
57,3,1
57,4,1
57,5,1
57,6,1
57,7,0
57,8,1
57,9,1
57,10,0
57,11,0
57,12,1
57,13,0
57,14,1
57,15,1
57,16,0
57,17,1
57,18,1
57,19,1
57,20,0
57,21,0
57,22,0
57,23,0
57,24,0
57,25,1
57,26,1
57,27,1
57,28,1
57,29,0
57,30,1
57,31,1
57,32,0
57,33,1
57,34,0
57,35,1
57,36,1
57,37,0
57,38,0
57,39,1
57,40,1
57,41,0
57,42,0
57,43,1
57,44,1
57,45,0
57,46,0
57,47,0
57,48,1
57,49,1
57,50,0
57,51,1
57,52,0
57,53,1
57,54,0
57,55,1
57,56,1
57,57,1
57,58,1
57,59,0
57,60,0
57,61,1
57,62,1
57,63,1
57,64,1
57,65,0
57,66,0
57,67,1
57,68,1
57,69,0
57,70,1
57,71,1
57,72,1
57,73,0
57,74,1
57,75,0
57,76,0
57,77,0
58,1,0
58,2,0
58,3,1
58,4,0
58,5,0
58,6,0
58,7,1
58,8,0
58,9,1
58,10,0
58,11,0
58,12,1
58,13,0
58,14,1
58,15,1
58,16,1
58,17,0
58,18,1
58,19,1
58,20,0
58,21,1
58,22,0
58,23,0
58,24,1
58,25,0
58,26,0
58,27,1
58,28,1
58,29,1
58,30,0
58,31,1
58,32,1
58,33,1
58,34,0
58,35,0
58,36,1
58,37,0
58,38,0
58,39,1
58,40,0
58,41,1
58,42,1
58,43,0
58,44,1
58,45,1
58,46,1
58,47,0
58,48,0
58,49,0
58,50,1
58,51,1
58,52,0
58,53,0
58,54,0
58,55,0
58,56,1
58,57,1
58,58,0
58,59,0
58,60,0
58,61,0
58,62,1
58,63,1
58,64,0
58,65,1
58,66,1
58,67,1
58,68,0
58,69,0
58,70,1
58,71,1
58,72,1
58,73,1
58,74,0
58,75,1
58,76,1
58,77,1
59,1,0
59,2,0
59,3,1
59,4,0
59,5,1
59,6,0
59,7,0
59,8,1
59,9,1
59,10,1
59,11,1
59,12,0
59,13,1
59,14,0
59,15,0
59,16,1
59,17,0
59,18,0
59,19,0
59,20,0
59,21,0
59,22,0
59,23,1
59,24,1
59,25,1
59,26,0
59,27,0
59,28,1
59,29,0
59,30,0
59,31,1
59,32,1
59,33,0
59,34,0
59,35,1
59,36,0
59,37,1
59,38,0
59,39,0
59,40,1
59,41,1
59,42,0
59,43,1
59,44,1
59,45,1
59,46,1
59,47,0
59,48,1
59,49,0
59,50,1
59,51,0
59,52,1
59,53,1
59,54,0
59,55,1
59,56,0
59,57,0
59,58,1
59,59,1
59,60,1
59,61,0
59,62,0
59,63,1
59,64,1
59,65,1
59,66,1
59,67,1
59,68,0
59,69,0
59,70,1
59,71,0
59,72,0
59,73,0
59,74,1
59,75,0
59,76,1
59,77,1
60,1,0
60,2,1
60,3,1
60,4,1
60,5,1
60,6,0
60,7,0
60,8,1
60,9,1
60,10,0
60,11,0
60,12,1
60,13,0
60,14,0
60,15,1
60,16,1
60,17,0
60,18,0
60,19,0
60,20,1
60,21,0
60,22,1
60,23,0
60,24,1
60,25,0
60,26,0
60,27,0
60,28,0
60,29,0
60,30,0
60,31,1
60,32,0
60,33,0
60,34,0
60,35,0
60,36,0
60,37,1
60,38,1
60,39,0
60,40,1
60,41,0
60,42,1
60,43,0
60,44,0
60,45,0
60,46,0
60,47,0
60,48,0
60,49,0
60,50,1
60,51,0
60,52,1
60,53,1
60,54,0
60,55,0
60,56,1
60,57,1
60,58,0
60,59,1
60,60,1
60,61,1
60,62,0
60,63,0
60,64,0
60,65,1
60,66,1
60,67,1
60,68,0
60,69,1
60,70,0
60,71,1
60,72,0
60,73,0
60,74,0
60,75,0
60,76,0
60,77,1
61,1,0
61,2,0
61,3,1
61,4,0
61,5,0
61,6,1
61,7,1
61,8,1
61,9,1
61,10,0
61,11,1
61,12,1
61,13,0
61,14,1
61,15,0
61,16,1
61,17,0
61,18,0
61,19,1
61,20,1
61,21,0
61,22,0
61,23,0
61,24,1
61,25,1
61,26,1
61,27,1
61,28,1
61,29,1
61,30,1
61,31,0
61,32,0
61,33,0
61,34,1
61,35,1
61,36,1
61,37,0
61,38,0
61,39,0
61,40,0
61,41,1
61,42,1
61,43,0
61,44,0
61,45,0
61,46,0
61,47,0
61,48,1
61,49,0
61,50,0
61,51,1
61,52,1
61,53,0
61,54,1
61,55,0
61,56,1
61,57,1
61,58,1
61,59,0
61,60,0
61,61,1
61,62,0
61,63,1
61,64,1
61,65,1
61,66,0
61,67,0
61,68,0
61,69,0
61,70,1
61,71,0
61,72,1
61,73,0
61,74,0
61,75,0
61,76,1
61,77,1
62,1,1
62,2,0
62,3,1
62,4,0
62,5,1
62,6,1
62,7,0
62,8,0
62,9,1
62,10,1
62,11,0
62,12,0
62,13,1
62,14,1
62,15,0
62,16,0
62,17,0
62,18,1
62,19,0
62,20,1
62,21,0
62,22,0
62,23,0
62,24,1
62,25,0
62,26,1
62,27,0
62,28,0
62,29,1
62,30,1
62,31,0
62,32,1
62,33,1
62,34,0
62,35,1
62,36,1
62,37,1
62,38,1
62,39,0
62,40,0
62,41,0
62,42,1
62,43,1
62,44,1
62,45,0
62,46,1
62,47,0
62,48,0
62,49,0
62,50,0
62,51,1
62,52,0
62,53,1
62,54,1
62,55,1
62,56,1
62,57,1
62,58,0
62,59,0
62,60,1
62,61,0
62,62,0
62,63,0
62,64,1
62,65,1
62,66,0
62,67,0
62,68,0
62,69,0
62,70,1
62,71,0
62,72,0
62,73,1
62,74,0
62,75,0
62,76,0
62,77,0
63,1,0
63,2,1
63,3,0
63,4,0
63,5,1
63,6,0
63,7,1
63,8,0
63,9,1
63,10,0
63,11,1
63,12,0
63,13,0
63,14,1
63,15,1
63,16,0
63,17,1
63,18,1
63,19,0
63,20,1
63,21,0
63,22,1
63,23,0
63,24,1
63,25,0
63,26,0
63,27,0
63,28,0
63,29,1
63,30,0
63,31,0
63,32,0
63,33,0
63,34,0
63,35,0
63,36,0
63,37,0
63,38,1
63,39,0
63,40,1
63,41,0
63,42,0
63,43,0
63,44,0
63,45,1
63,46,1
63,47,0
63,48,1
63,49,1
63,50,1
63,51,0
63,52,1
63,53,1
63,54,1
63,55,1
63,56,1
63,57,0
63,58,0
63,59,0
63,60,0
63,61,1
63,62,1
63,63,0
63,64,1
63,65,1
63,66,1
63,67,1
63,68,0
63,69,1
63,70,1
63,71,1
63,72,0
63,73,0
63,74,1
63,75,1
63,76,0
63,77,1
64,1,1
64,2,1
64,3,1
64,4,0
64,5,1
64,6,1
64,7,1
64,8,1
64,9,0
64,10,0
64,11,1
64,12,0
64,13,0
64,14,1
64,15,1
64,16,1
64,17,1
64,18,1
64,19,1
64,20,1
64,21,0
64,22,1
64,23,1
64,24,1
64,25,1
64,26,1
64,27,0
64,28,1
64,29,1
64,30,1
64,31,1
64,32,0
64,33,0
64,34,0
64,35,1
64,36,1
64,37,0
64,38,1
64,39,0
64,40,1
64,41,0
64,42,0
64,43,0
64,44,1
64,45,1
64,46,0
64,47,0
64,48,0
64,49,1
64,50,0
64,51,0
64,52,0
64,53,0
64,54,0
64,55,0
64,56,1
64,57,1
64,58,1
64,59,0
64,60,0
64,61,0
64,62,1
64,63,0
64,64,1
64,65,1
64,66,0
64,67,0
64,68,1
64,69,1
64,70,0
64,71,1
64,72,1
64,73,0
64,74,1
64,75,1
64,76,0
64,77,1
65,1,0
65,2,0
65,3,1
65,4,1
65,5,1
65,6,0
65,7,0
65,8,0
65,9,1
65,10,0
65,11,0
65,12,0
65,13,1
65,14,1
65,15,0
65,16,0
65,17,1
65,18,1
65,19,1
65,20,1
65,21,0
65,22,1
65,23,0
65,24,1
65,25,0
65,26,0
65,27,1
65,28,1
65,29,1
65,30,1
65,31,0
65,32,0
65,33,0
65,34,1
65,35,1
65,36,1
65,37,1
65,38,1
65,39,0
65,40,0
65,41,1
65,42,0
65,43,1
65,44,0
65,45,0
65,46,1
65,47,0
65,48,1
65,49,1
65,50,0
65,51,1
65,52,1
65,53,1
65,54,1
65,55,0
65,56,0
65,57,1
65,58,0
65,59,1
65,60,0
65,61,1
65,62,1
65,63,1
65,64,0
65,65,1
65,66,0
65,67,0
65,68,1
65,69,0
65,70,0
65,71,1
65,72,1
65,73,0
65,74,0
65,75,1
65,76,1
65,77,1
66,1,1
66,2,1
66,3,0
66,4,1
66,5,1
66,6,1
66,7,0
66,8,0
66,9,0
66,10,0
66,11,1
66,12,1
66,13,0
66,14,1
66,15,0
66,16,1
66,17,0
66,18,0
66,19,0
66,20,0
66,21,1
66,22,1
66,23,0
66,24,0
66,25,1
66,26,0
66,27,1
66,28,0
66,29,0
66,30,0
66,31,0
66,32,1
66,33,0
66,34,1
66,35,1
66,36,1
66,37,1
66,38,0
66,39,0
66,40,0
66,41,0
66,42,1
66,43,0
66,44,1
66,45,1
66,46,0
66,47,1
66,48,0
66,49,1
66,50,1
66,51,1
66,52,0
66,53,1
66,54,1
66,55,0
66,56,1
66,57,1
66,58,1
66,59,0
66,60,0
66,61,0
66,62,0
66,63,0
66,64,1
66,65,0
66,66,0
66,67,0
66,68,1
66,69,1
66,70,1
66,71,0
66,72,1
66,73,1
66,74,1
66,75,1
66,76,0
66,77,1
67,1,1
67,2,1
67,3,0
67,4,0
67,5,0
67,6,0
67,7,1
67,8,1
67,9,0
67,10,1
67,11,0
67,12,1
67,13,0
67,14,1
67,15,1
67,16,1
67,17,1
67,18,0
67,19,1
67,20,0
67,21,0
67,22,0
67,23,0
67,24,0
67,25,0
67,26,1
67,27,0
67,28,1
67,29,1
67,30,0
67,31,0
67,32,1
67,33,0
67,34,1
67,35,0
67,36,0
67,37,0
67,38,0
67,39,0
67,40,1
67,41,1
67,42,0
67,43,0
67,44,1
67,45,1
67,46,1
67,47,0
67,48,1
67,49,0
67,50,0
67,51,1
67,52,1
67,53,0
67,54,1
67,55,1
67,56,0
67,57,0
67,58,0
67,59,0
67,60,1
67,61,1
67,62,1
67,63,1
67,64,0
67,65,1
67,66,0
67,67,1
67,68,0
67,69,1
67,70,1
67,71,1
67,72,1
67,73,1
67,74,1
67,75,1
67,76,0
67,77,0
68,1,0
68,2,0
68,3,0
68,4,0
68,5,0
68,6,1
68,7,0
68,8,1
68,9,1
68,10,1
68,11,1
68,12,1
68,13,0
68,14,1
68,15,1
68,16,1
68,17,1
68,18,0
68,19,0
68,20,1
68,21,1
68,22,0
68,23,1
68,24,0
68,25,1
68,26,0
68,27,1
68,28,1
68,29,0
68,30,0
68,31,1
68,32,1
68,33,1
68,34,0
68,35,1
68,36,0
68,37,1
68,38,0
68,39,1
68,40,1
68,41,0
68,42,1
68,43,0
68,44,0
68,45,1
68,46,0
68,47,1
68,48,0
68,49,0
68,50,1
68,51,0
68,52,0
68,53,0
68,54,0
68,55,0
68,56,0
68,57,0
68,58,0
68,59,1
68,60,0
68,61,0
68,62,1
68,63,0
68,64,0
68,65,0
68,66,0
68,67,1
68,68,1
68,69,1
68,70,1
68,71,1
68,72,1
68,73,0
68,74,1
68,75,1
68,76,0
68,77,1
69,1,1
69,2,1
69,3,0
69,4,1
69,5,0
69,6,1
69,7,0
69,8,0
69,9,0
69,10,0
69,11,0
69,12,1
69,13,1
69,14,1
69,15,1
69,16,0
69,17,1
69,18,1
69,19,0
69,20,0
69,21,0
69,22,0
69,23,0
69,24,0
69,25,0
69,26,1
69,27,1
69,28,0
69,29,0
69,30,0
69,31,1
69,32,0
69,33,0
69,34,0
69,35,1
69,36,0
69,37,0
69,38,1
69,39,0
69,40,1
69,41,1
69,42,0
69,43,1
69,44,1
69,45,1
69,46,1
69,47,0
69,48,1
69,49,0
69,50,0
69,51,0
69,52,1
69,53,1
69,54,1
69,55,0
69,56,0
69,57,1
69,58,1
69,59,1
69,60,0
69,61,1
69,62,1
69,63,1
69,64,0
69,65,0
69,66,0
69,67,1
69,68,1
69,69,0
69,70,0
69,71,0
69,72,0
69,73,1
69,74,0
69,75,0
69,76,1
69,77,0
70,1,0
70,2,1
70,3,0
70,4,0
70,5,0
70,6,1
70,7,0
70,8,0
70,9,1
70,10,0
70,11,0
70,12,0
70,13,1
70,14,1
70,15,0
70,16,1
70,17,1
70,18,1
70,19,0
70,20,1
70,21,0
70,22,1
70,23,1
70,24,1
70,25,0
70,26,1
70,27,0
70,28,0
70,29,0
70,30,1
70,31,0
70,32,1
70,33,1
70,34,0
70,35,0
70,36,0
70,37,0
70,38,1
70,39,0
70,40,0
70,41,0
70,42,1
70,43,0
70,44,0
70,45,1
70,46,0
70,47,0
70,48,0
70,49,0
70,50,0
70,51,0
70,52,0
70,53,0
70,54,1
70,55,1
70,56,0
70,57,0
70,58,1
70,59,1
70,60,0
70,61,1
70,62,1
70,63,1
70,64,1
70,65,0
70,66,1
70,67,1
70,68,0
70,69,0
70,70,0
70,71,1
70,72,1
70,73,1
70,74,1
70,75,1
70,76,0
70,77,0
71,1,0
71,2,1
71,3,0
71,4,0
71,5,0
71,6,1
71,7,1
71,8,0
71,9,0
71,10,1
71,11,0
71,12,0
71,13,0
71,14,1
71,15,1
71,16,0
71,17,0
71,18,1
71,19,1
71,20,1
71,21,1
71,22,1
71,23,0
71,24,0
71,25,1
71,26,0
71,27,1
71,28,0
71,29,0
71,30,1
71,31,1
71,32,1
71,33,0
71,34,1
71,35,1
71,36,0
71,37,1
71,38,1
71,39,0
71,40,1
71,41,1
71,42,0
71,43,0
71,44,0
71,45,1
71,46,0
71,47,1
71,48,1
71,49,0
71,50,0
71,51,0
71,52,1
71,53,0
71,54,0
71,55,0
71,56,1
71,57,0
71,58,0
71,59,1
71,60,0
71,61,0
71,62,0
71,63,1
71,64,0
71,65,1
71,66,1
71,67,1
71,68,0
71,69,1
71,70,0
71,71,0
71,72,1
71,73,1
71,74,1
71,75,0
71,76,1
71,77,0
72,1,0
72,2,0
72,3,0
72,4,1
72,5,0
72,6,0
72,7,0
72,8,1
72,9,0
72,10,1
72,11,1
72,12,0
72,13,0
72,14,0
72,15,1
72,16,1
72,17,0
72,18,1
72,19,1
72,20,1
72,21,0
72,22,0
72,23,1
72,24,0
72,25,0
72,26,1
72,27,1
72,28,1
72,29,0
72,30,0
72,31,0
72,32,0
72,33,0
72,34,1
72,35,0
72,36,1
72,37,0
72,38,0
72,39,0
72,40,0
72,41,1
72,42,1
72,43,1
72,44,0
72,45,0
72,46,0
72,47,0
72,48,1
72,49,0
72,50,1
72,51,1
72,52,1
72,53,1
72,54,0
72,55,1
72,56,1
72,57,0
72,58,0
72,59,0
72,60,1
72,61,1
72,62,1
72,63,1
72,64,1
72,65,0
72,66,0
72,67,1
72,68,1
72,69,1
72,70,0
72,71,0
72,72,0
72,73,1
72,74,1
72,75,1
72,76,1
72,77,0
73,1,0
73,2,0
73,3,0
73,4,0
73,5,1
73,6,0
73,7,0
73,8,0
73,9,0
73,10,1
73,11,1
73,12,0
73,13,1
73,14,0
73,15,1
73,16,1
73,17,0
73,18,0
73,19,0
73,20,1
73,21,0
73,22,0
73,23,0
73,24,1
73,25,0
73,26,0
73,27,1
73,28,0
73,29,0
73,30,1
73,31,0
73,32,1
73,33,1
73,34,1
73,35,1
73,36,0
73,37,0
73,38,1
73,39,0
73,40,1
73,41,0
73,42,0
73,43,1
73,44,0
73,45,0
73,46,0
73,47,0
73,48,0
73,49,1
73,50,0
73,51,0
73,52,0
73,53,0
73,54,1
73,55,0
73,56,0
73,57,0
73,58,0
73,59,1
73,60,1
73,61,1
73,62,0
73,63,1
73,64,1
73,65,1
73,66,0
73,67,0
73,68,1
73,69,1
73,70,1
73,71,1
73,72,0
73,73,0
73,74,0
73,75,0
73,76,0
73,77,0
74,1,0
74,2,1
74,3,1
74,4,1
74,5,1
74,6,1
74,7,0
74,8,0
74,9,1
74,10,0
74,11,1
74,12,1
74,13,0
74,14,0
74,15,0
74,16,0
74,17,0
74,18,1
74,19,1
74,20,0
74,21,1
74,22,1
74,23,1
74,24,1
74,25,0
74,26,0
74,27,0
74,28,0
74,29,1
74,30,0
74,31,1
74,32,1
74,33,0
74,34,1
74,35,1
74,36,0
74,37,0
74,38,1
74,39,0
74,40,1
74,41,1
74,42,0
74,43,1
74,44,0
74,45,1
74,46,1
74,47,1
74,48,1
74,49,1
74,50,1
74,51,1
74,52,1
74,53,1
74,54,1
74,55,1
74,56,1
74,57,1
74,58,1
74,59,1
74,60,0
74,61,1
74,62,0
74,63,0
74,64,0
74,65,0
74,66,1
74,67,0
74,68,1
74,69,1
74,70,1
74,71,1
74,72,1
74,73,0
74,74,0
74,75,1
74,76,0
74,77,0
75,1,1
75,2,0
75,3,0
75,4,1
75,5,1
75,6,1
75,7,1
75,8,1
75,9,0
75,10,0
75,11,1
75,12,0
75,13,1
75,14,0
75,15,1
75,16,1
75,17,0
75,18,0
75,19,1
75,20,0
75,21,1
75,22,0
75,23,1
75,24,1
75,25,1
75,26,1
75,27,0
75,28,1
75,29,1
75,30,0
75,31,1
75,32,0
75,33,1
75,34,1
75,35,0
75,36,1
75,37,0
75,38,1
75,39,1
75,40,1
75,41,1
75,42,0
75,43,0
75,44,0
75,45,1
75,46,1
75,47,1
75,48,1
75,49,0
75,50,1
75,51,1
75,52,1
75,53,0
75,54,1
75,55,0
75,56,0
75,57,1
75,58,1
75,59,0
75,60,0
75,61,0
75,62,0
75,63,1
75,64,0
75,65,0
75,66,1
75,67,0
75,68,0
75,69,0
75,70,0
75,71,0
75,72,1
75,73,0
75,74,1
75,75,0
75,76,0
75,77,0
76,1,0
76,2,1
76,3,0
76,4,0
76,5,0
76,6,1
76,7,0
76,8,1
76,9,1
76,10,1
76,11,1
76,12,1
76,13,0
76,14,1
76,15,1
76,16,0
76,17,0
76,18,1
76,19,1
76,20,1
76,21,0
76,22,0
76,23,1
76,24,0
76,25,1
76,26,1
76,27,0
76,28,0
76,29,0
76,30,1
76,31,0
76,32,0
76,33,0
76,34,0
76,35,0
76,36,0
76,37,1
76,38,0
76,39,0
76,40,0
76,41,0
76,42,0
76,43,1
76,44,1
76,45,1
76,46,0
76,47,1
76,48,0
76,49,0
76,50,0
76,51,0
76,52,1
76,53,0
76,54,0
76,55,0
76,56,1
76,57,1
76,58,0
76,59,0
76,60,1
76,61,1
76,62,0
76,63,0
76,64,0
76,65,0
76,66,1
76,67,0
76,68,1
76,69,1
76,70,1
76,71,0
76,72,0
76,73,0
76,74,1
76,75,1
76,76,1
76,77,0
77,1,1
77,2,1
77,3,1
77,4,0
77,5,0
77,6,1
77,7,0
77,8,0
77,9,1
77,10,1
77,11,1
77,12,0
77,13,1
77,14,1
77,15,1
77,16,0
77,17,1
77,18,1
77,19,0
77,20,1
77,21,0
77,22,0
77,23,1
77,24,1
77,25,1
77,26,1
77,27,0
77,28,1
77,29,1
77,30,0
77,31,0
77,32,1
77,33,0
77,34,1
77,35,0
77,36,0
77,37,0
77,38,0
77,39,1
77,40,0
77,41,0
77,42,0
77,43,1
77,44,1
77,45,0
77,46,1
77,47,1
77,48,1
77,49,1
77,50,0
77,51,1
77,52,1
77,53,1
77,54,0
77,55,0
77,56,0
77,57,1
77,58,1
77,59,0
77,60,1
77,61,1
77,62,1
77,63,1
77,64,1
77,65,1
77,66,1
77,67,0
77,68,1
77,69,1
77,70,1
77,71,0
77,72,1
77,73,1
77,74,1
77,75,0
77,76,0
77,77,1
78,1,0
78,2,0
78,3,0
78,4,1
78,5,0
78,6,1
78,7,1
78,8,1
78,9,1
78,10,0
78,11,1
78,12,0
78,13,1
78,14,0
78,15,1
78,16,0
78,17,0
78,18,1
78,19,0
78,20,1
78,21,0
78,22,0
78,23,1
78,24,0
78,25,0
78,26,1
78,27,0
78,28,1
78,29,1
78,30,0
78,31,0
78,32,1
78,33,1
78,34,1
78,35,0
78,36,1
78,37,1
78,38,0
78,39,1
78,40,1
78,41,1
78,42,1
78,43,1
78,44,1
78,45,0
78,46,0
78,47,0
78,48,0
78,49,1
78,50,1
78,51,0
78,52,1
78,53,1
78,54,0
78,55,1
78,56,1
78,57,1
78,58,1
78,59,1
78,60,1
78,61,1
78,62,0
78,63,0
78,64,1
78,65,0
78,66,1
78,67,1
78,68,1
78,69,1
78,70,1
78,71,1
78,72,0
78,73,1
78,74,0
78,75,1
78,76,1
78,77,1
79,1,1
79,2,0
79,3,0
79,4,0
79,5,1
79,6,1
79,7,0
79,8,1
79,9,1
79,10,0
79,11,0
79,12,1
79,13,1
79,14,1
79,15,1
79,16,0
79,17,1
79,18,1
79,19,1
79,20,1
79,21,1
79,22,0
79,23,0
79,24,0
79,25,0
79,26,1
79,27,0
79,28,1
79,29,1
79,30,1
79,31,0
79,32,1
79,33,1
79,34,0
79,35,1
79,36,0
79,37,0
79,38,0
79,39,0
79,40,0
79,41,0
79,42,0
79,43,1
79,44,0
79,45,1
79,46,1
79,47,1
79,48,0
79,49,0
79,50,1
79,51,0
79,52,1
79,53,1
79,54,1
79,55,1
79,56,0
79,57,0
79,58,0
79,59,0
79,60,0
79,61,1
79,62,0
79,63,0
79,64,1
79,65,0
79,66,0
79,67,1
79,68,0
79,69,0
79,70,0
79,71,0
79,72,1
79,73,0
79,74,0
79,75,1
79,76,1
79,77,1
80,1,1
80,2,1
80,3,0
80,4,0
80,5,1
80,6,0
80,7,0
80,8,0
80,9,1
80,10,0
80,11,0
80,12,1
80,13,1
80,14,0
80,15,0
80,16,1
80,17,0
80,18,0
80,19,0
80,20,1
80,21,0
80,22,0
80,23,0
80,24,0
80,25,0
80,26,0
80,27,0
80,28,0
80,29,0
80,30,0
80,31,1
80,32,1
80,33,0
80,34,1
80,35,1
80,36,1
80,37,0
80,38,1
80,39,0
80,40,0
80,41,1
80,42,0
80,43,1
80,44,1
80,45,0
80,46,0
80,47,0
80,48,0
80,49,1
80,50,1
80,51,0
80,52,0
80,53,0
80,54,1
80,55,0
80,56,0
80,57,0
80,58,1
80,59,1
80,60,1
80,61,0
80,62,0
80,63,0
80,64,1
80,65,0
80,66,1
80,67,1
80,68,1
80,69,1
80,70,1
80,71,0
80,72,1
80,73,0
80,74,1
80,75,0
80,76,1
80,77,1
81,1,1
81,2,0
81,3,1
81,4,1
81,5,1
81,6,0
81,7,0
81,8,0
81,9,1
81,10,0
81,11,1
81,12,1
81,13,1
81,14,1
81,15,1
81,16,0
81,17,0
81,18,0
81,19,0
81,20,0
81,21,1
81,22,0
81,23,1
81,24,0
81,25,1
81,26,0
81,27,0
81,28,0
81,29,1
81,30,1
81,31,1
81,32,0
81,33,1
81,34,0
81,35,1
81,36,0
81,37,0
81,38,1
81,39,1
81,40,1
81,41,1
81,42,0
81,43,0
81,44,0
81,45,1
81,46,1
81,47,1
81,48,1
81,49,0
81,50,0
81,51,1
81,52,1
81,53,1
81,54,1
81,55,0
81,56,1
81,57,1
81,58,0
81,59,0
81,60,0
81,61,0
81,62,1
81,63,1
81,64,1
81,65,0
81,66,0
81,67,1
81,68,1
81,69,1
81,70,0
81,71,1
81,72,1
81,73,0
81,74,1
81,75,1
81,76,0
81,77,0
82,1,0
82,2,0
82,3,0
82,4,1
82,5,1
82,6,0
82,7,1
82,8,0
82,9,1
82,10,0
82,11,1
82,12,1
82,13,0
82,14,1
82,15,1
82,16,0
82,17,1
82,18,0
82,19,1
82,20,1
82,21,1
82,22,0
82,23,0
82,24,1
82,25,1
82,26,0
82,27,0
82,28,1
82,29,0
82,30,1
82,31,1
82,32,1
82,33,1
82,34,1
82,35,0
82,36,0
82,37,1
82,38,1
82,39,1
82,40,1
82,41,0
82,42,0
82,43,1
82,44,1
82,45,0
82,46,1
82,47,1
82,48,0
82,49,1
82,50,1
82,51,1
82,52,1
82,53,0
82,54,0
82,55,0
82,56,0
82,57,1
82,58,1
82,59,0
82,60,0
82,61,1
82,62,0
82,63,1
82,64,0
82,65,0
82,66,1
82,67,0
82,68,0
82,69,0
82,70,0
82,71,1
82,72,1
82,73,1
82,74,0
82,75,1
82,76,0
82,77,0
83,1,0
83,2,1
83,3,0
83,4,1
83,5,1
83,6,1
83,7,1
83,8,0
83,9,1
83,10,1
83,11,0
83,12,0
83,13,0
83,14,1
83,15,1
83,16,0
83,17,1
83,18,0
83,19,1
83,20,0
83,21,0
83,22,1
83,23,0
83,24,1
83,25,1
83,26,1
83,27,1
83,28,1
83,29,0
83,30,1
83,31,0
83,32,0
83,33,1
83,34,1
83,35,1
83,36,1
83,37,1
83,38,0
83,39,0
83,40,0
83,41,0
83,42,1
83,43,1
83,44,0
83,45,1
83,46,0
83,47,0
83,48,0
83,49,1
83,50,1
83,51,0
83,52,0
83,53,0
83,54,1
83,55,1
83,56,0
83,57,1
83,58,0
83,59,0
83,60,0
83,61,0
83,62,0
83,63,1
83,64,0
83,65,1
83,66,1
83,67,0
83,68,0
83,69,1
83,70,1
83,71,1
83,72,1
83,73,0
83,74,0
83,75,0
83,76,0
83,77,0
84,1,0
84,2,1
84,3,1
84,4,0
84,5,0
84,6,1
84,7,0
84,8,1
84,9,1
84,10,0
84,11,0
84,12,1
84,13,0
84,14,0
84,15,1
84,16,0
84,17,1
84,18,0
84,19,1
84,20,1
84,21,0
84,22,0
84,23,1
84,24,1
84,25,0
84,26,1
84,27,1
84,28,1
84,29,0
84,30,0
84,31,0
84,32,0
84,33,1
84,34,1
84,35,0
84,36,0
84,37,1
84,38,0
84,39,1
84,40,0
84,41,0
84,42,0
84,43,0
84,44,0
84,45,1
84,46,0
84,47,0
84,48,1
84,49,0
84,50,0
84,51,0
84,52,0
84,53,0
84,54,1
84,55,1
84,56,1
84,57,1
84,58,1
84,59,0
84,60,1
84,61,1
84,62,0
84,63,0
84,64,1
84,65,1
84,66,1
84,67,0
84,68,1
84,69,0
84,70,0
84,71,1
84,72,0
84,73,0
84,74,1
84,75,0
84,76,1
84,77,1
85,1,1
85,2,1
85,3,0
85,4,0
85,5,1
85,6,1
85,7,1
85,8,1
85,9,0
85,10,1
85,11,1
85,12,1
85,13,0
85,14,1
85,15,1
85,16,0
85,17,1
85,18,0
85,19,0
85,20,0
85,21,1
85,22,1
85,23,0
85,24,1
85,25,0
85,26,0
85,27,0
85,28,1
85,29,0
85,30,1
85,31,1
85,32,1
85,33,1
85,34,0
85,35,1
85,36,0
85,37,1
85,38,0
85,39,1
85,40,1
85,41,1
85,42,1
85,43,0
85,44,1
85,45,0
85,46,0
85,47,1
85,48,1
85,49,0
85,50,0
85,51,0
85,52,0
85,53,0
85,54,1
85,55,0
85,56,1
85,57,0
85,58,0
85,59,0
85,60,1
85,61,0
85,62,1
85,63,1
85,64,0
85,65,1
85,66,1
85,67,1
85,68,0
85,69,0
85,70,1
85,71,0
85,72,1
85,73,1
85,74,1
85,75,1
85,76,0
85,77,1
86,1,1
86,2,0
86,3,1
86,4,0
86,5,0
86,6,1
86,7,1
86,8,1
86,9,1
86,10,1
86,11,1
86,12,1
86,13,0
86,14,1
86,15,0
86,16,0
86,17,0
86,18,0
86,19,1
86,20,1
86,21,1
86,22,0
86,23,0
86,24,0
86,25,1
86,26,1
86,27,0
86,28,0
86,29,0
86,30,0
86,31,0
86,32,0
86,33,0
86,34,1
86,35,1
86,36,0
86,37,1
86,38,0
86,39,0
86,40,1
86,41,0
86,42,1
86,43,0
86,44,0
86,45,1
86,46,0
86,47,0
86,48,0
86,49,0
86,50,0
86,51,1
86,52,1
86,53,1
86,54,0
86,55,1
86,56,1
86,57,0
86,58,0
86,59,1
86,60,1
86,61,0
86,62,1
86,63,0
86,64,1
86,65,1
86,66,1
86,67,1
86,68,0
86,69,0
86,70,0
86,71,0
86,72,0
86,73,0
86,74,1
86,75,1
86,76,1
86,77,1
87,1,0
87,2,1
87,3,0
87,4,0
87,5,1
87,6,1
87,7,1
87,8,0
87,9,0
87,10,1
87,11,0
87,12,1
87,13,1
87,14,0
87,15,1
87,16,0
87,17,1
87,18,1
87,19,0
87,20,0
87,21,1
87,22,0
87,23,0
87,24,1
87,25,1
87,26,0
87,27,0
87,28,0
87,29,0
87,30,1
87,31,1
87,32,0
87,33,0
87,34,0
87,35,1
87,36,1
87,37,0
87,38,1
87,39,0
87,40,0
87,41,1
87,42,0
87,43,1
87,44,0
87,45,0
87,46,0
87,47,0
87,48,0
87,49,1
87,50,1
87,51,0
87,52,0
87,53,0
87,54,1
87,55,1
87,56,0
87,57,1
87,58,1
87,59,1
87,60,1
87,61,1
87,62,0
87,63,0
87,64,1
87,65,1
87,66,0
87,67,0
87,68,0
87,69,1
87,70,0
87,71,0
87,72,0
87,73,1
87,74,0
87,75,1
87,76,0
87,77,1
88,1,1
88,2,0
88,3,0
88,4,0
88,5,1
88,6,0
88,7,1
88,8,0
88,9,0
88,10,0
88,11,0
88,12,0
88,13,0
88,14,1
88,15,1
88,16,0
88,17,1
88,18,0
88,19,0
88,20,1
88,21,1
88,22,1
88,23,0
88,24,0
88,25,0
88,26,1
88,27,1
88,28,0
88,29,1
88,30,1
88,31,1
88,32,0
88,33,1
88,34,1
88,35,1
88,36,1
88,37,1
88,38,0
88,39,0
88,40,1
88,41,0
88,42,1
88,43,1
88,44,0
88,45,0
88,46,0
88,47,0
88,48,0
88,49,0
88,50,0
88,51,0
88,52,0
88,53,0
88,54,1
88,55,0
88,56,1
88,57,1
88,58,0
88,59,1
88,60,0
88,61,0
88,62,1
88,63,1
88,64,1
88,65,1
88,66,1
88,67,0
88,68,1
88,69,0
88,70,0
88,71,1
88,72,1
88,73,0
88,74,0
88,75,1
88,76,0
88,77,1
89,1,1
89,2,1
89,3,0
89,4,1
89,5,1
89,6,0
89,7,1
89,8,0
89,9,0
89,10,1
89,11,1
89,12,1
89,13,0
89,14,1
89,15,1
89,16,0
89,17,0
89,18,0
89,19,0
89,20,1
89,21,0
89,22,0
89,23,0
89,24,0
89,25,1
89,26,0
89,27,1
89,28,1
89,29,0
89,30,1
89,31,0
89,32,0
89,33,1
89,34,0
89,35,0
89,36,0
89,37,1
89,38,1
89,39,0
89,40,1
89,41,1
89,42,0
89,43,0
89,44,1
89,45,1
89,46,0
89,47,1
89,48,0
89,49,1
89,50,0
89,51,0
89,52,1
89,53,1
89,54,0
89,55,0
89,56,1
89,57,0
89,58,0
89,59,0
89,60,0
89,61,0
89,62,1
89,63,1
89,64,0
89,65,1
89,66,0
89,67,1
89,68,0
89,69,1
89,70,1
89,71,0
89,72,1
89,73,1
89,74,0
89,75,0
89,76,0
89,77,1
90,1,1
90,2,1
90,3,0
90,4,0
90,5,0
90,6,1
90,7,1
90,8,1
90,9,1
90,10,0
90,11,1
90,12,1
90,13,0
90,14,0
90,15,0
90,16,0
90,17,0
90,18,0
90,19,1
90,20,0
90,21,0
90,22,0
90,23,0
90,24,1
90,25,1
90,26,1
90,27,0
90,28,0
90,29,0
90,30,1
90,31,0
90,32,1
90,33,0
90,34,0
90,35,0
90,36,0
90,37,1
90,38,1
90,39,0
90,40,0
90,41,1
90,42,1
90,43,1
90,44,1
90,45,1
90,46,1
90,47,1
90,48,0
90,49,0
90,50,0
90,51,0
90,52,1
90,53,1
90,54,1
90,55,1
90,56,1
90,57,1
90,58,0
90,59,0
90,60,0
90,61,0
90,62,1
90,63,0
90,64,0
90,65,1
90,66,1
90,67,1
90,68,0
90,69,0
90,70,1
90,71,1
90,72,1
90,73,0
90,74,0
90,75,0
90,76,0
90,77,0
91,1,1
91,2,1
91,3,0
91,4,1
91,5,0
91,6,1
91,7,0
91,8,0
91,9,0
91,10,1
91,11,1
91,12,1
91,13,1
91,14,1
91,15,0
91,16,1
91,17,1
91,18,1
91,19,1
91,20,1
91,21,1
91,22,0
91,23,1
91,24,1
91,25,0
91,26,1
91,27,0
91,28,0
91,29,0
91,30,1
91,31,0
91,32,0
91,33,0
91,34,1
91,35,0
91,36,0
91,37,1
91,38,1
91,39,0
91,40,0
91,41,1
91,42,0
91,43,0
91,44,1
91,45,0
91,46,1
91,47,1
91,48,1
91,49,0
91,50,1
91,51,1
91,52,0
91,53,1
91,54,0
91,55,0
91,56,0
91,57,1
91,58,0
91,59,0
91,60,0
91,61,1
91,62,0
91,63,1
91,64,0
91,65,0
91,66,1
91,67,0
91,68,1
91,69,0
91,70,0
91,71,0
91,72,0
91,73,1
91,74,0
91,75,0
91,76,1
91,77,1
92,1,0
92,2,0
92,3,1
92,4,1
92,5,0
92,6,1
92,7,0
92,8,1
92,9,1
92,10,0
92,11,1
92,12,1
92,13,0
92,14,0
92,15,1
92,16,0
92,17,1
92,18,0
92,19,1
92,20,1
92,21,0
92,22,0
92,23,1
92,24,1
92,25,1
92,26,0
92,27,0
92,28,1
92,29,1
92,30,0
92,31,1
92,32,0
92,33,0
92,34,0
92,35,0
92,36,0
92,37,1
92,38,0
92,39,1
92,40,1
92,41,1
92,42,1
92,43,0
92,44,1
92,45,0
92,46,0
92,47,0
92,48,1
92,49,1
92,50,0
92,51,0
92,52,0
92,53,0
92,54,0
92,55,0
92,56,1
92,57,1
92,58,1
92,59,1
92,60,1
92,61,0
92,62,1
92,63,1
92,64,1
92,65,1
92,66,0
92,67,1
92,68,1
92,69,1
92,70,0
92,71,1
92,72,0
92,73,1
92,74,1
92,75,1
92,76,1
92,77,0
93,1,0
93,2,0
93,3,0
93,4,1
93,5,1
93,6,1
93,7,1
93,8,1
93,9,0
93,10,1
93,11,0
93,12,0
93,13,1
93,14,0
93,15,0
93,16,1
93,17,0
93,18,0
93,19,0
93,20,1
93,21,0
93,22,1
93,23,1
93,24,0
93,25,1
93,26,1
93,27,1
93,28,0
93,29,0
93,30,1
93,31,1
93,32,1
93,33,0
93,34,1
93,35,0
93,36,1
93,37,1
93,38,0
93,39,0
93,40,0
93,41,0
93,42,0
93,43,0
93,44,1
93,45,1
93,46,1
93,47,1
93,48,0
93,49,0
93,50,1
93,51,0
93,52,0
93,53,1
93,54,0
93,55,1
93,56,1
93,57,1
93,58,1
93,59,0
93,60,1
93,61,0
93,62,0
93,63,0
93,64,1
93,65,1
93,66,0
93,67,0
93,68,0
93,69,1
93,70,1
93,71,1
93,72,0
93,73,0
93,74,0
93,75,0
93,76,0
93,77,0
94,1,1
94,2,0
94,3,1
94,4,1
94,5,0
94,6,0
94,7,1
94,8,1
94,9,0
94,10,1
94,11,0
94,12,0
94,13,0
94,14,0
94,15,0
94,16,0
94,17,0
94,18,1
94,19,0
94,20,1
94,21,0
94,22,1
94,23,0
94,24,1
94,25,0
94,26,1
94,27,0
94,28,0
94,29,0
94,30,1
94,31,0
94,32,0
94,33,0
94,34,0
94,35,0
94,36,0
94,37,1
94,38,0
94,39,1
94,40,1
94,41,1
94,42,1
94,43,0
94,44,0
94,45,0
94,46,0
94,47,0
94,48,0
94,49,0
94,50,1
94,51,0
94,52,0
94,53,1
94,54,1
94,55,1
94,56,1
94,57,1
94,58,1
94,59,1
94,60,0
94,61,1
94,62,0
94,63,0
94,64,1
94,65,0
94,66,1
94,67,1
94,68,1
94,69,0
94,70,0
94,71,1
94,72,0
94,73,1
94,74,0
94,75,0
94,76,1
94,77,1
95,1,0
95,2,1
95,3,1
95,4,1
95,5,0
95,6,1
95,7,1
95,8,1
95,9,0
95,10,1
95,11,0
95,12,0
95,13,0
95,14,1
95,15,0
95,16,0
95,17,1
95,18,1
95,19,0
95,20,1
95,21,0
95,22,1
95,23,1
95,24,0
95,25,0
95,26,0
95,27,1
95,28,0
95,29,1
95,30,0
95,31,0
95,32,0
95,33,1
95,34,1
95,35,0
95,36,1
95,37,0
95,38,1
95,39,1
95,40,0
95,41,0
95,42,1
95,43,0
95,44,1
95,45,0
95,46,0
95,47,0
95,48,0
95,49,1
95,50,0
95,51,0
95,52,0
95,53,0
95,54,1
95,55,1
95,56,1
95,57,0
95,58,1
95,59,0
95,60,0
95,61,1
95,62,0
95,63,1
95,64,0
95,65,1
95,66,0
95,67,1
95,68,1
95,69,1
95,70,0
95,71,0
95,72,0
95,73,1
95,74,0
95,75,1
95,76,0
95,77,1
96,1,1
96,2,0
96,3,1
96,4,1
96,5,1
96,6,0
96,7,1
96,8,1
96,9,0
96,10,0
96,11,0
96,12,0
96,13,1
96,14,0
96,15,0
96,16,1
96,17,1
96,18,0
96,19,1
96,20,0
96,21,1
96,22,0
96,23,1
96,24,1
96,25,1
96,26,0
96,27,0
96,28,0
96,29,0
96,30,1
96,31,0
96,32,1
96,33,0
96,34,0
96,35,0
96,36,0
96,37,1
96,38,0
96,39,1
96,40,1
96,41,0
96,42,1
96,43,0
96,44,0
96,45,0
96,46,0
96,47,1
96,48,0
96,49,1
96,50,1
96,51,0
96,52,1
96,53,0
96,54,0
96,55,0
96,56,1
96,57,0
96,58,1
96,59,0
96,60,0
96,61,1
96,62,0
96,63,0
96,64,0
96,65,0
96,66,0
96,67,1
96,68,0
96,69,0
96,70,0
96,71,0
96,72,1
96,73,1
96,74,0
96,75,0
96,76,0
96,77,0
97,1,1
97,2,0
97,3,0
97,4,0
97,5,1
97,6,1
97,7,1
97,8,0
97,9,0
97,10,0
97,11,1
97,12,1
97,13,0
97,14,1
97,15,0
97,16,0
97,17,1
97,18,0
97,19,0
97,20,1
97,21,1
97,22,1
97,23,1
97,24,1
97,25,0
97,26,0
97,27,1
97,28,0
97,29,0
97,30,1
97,31,1
97,32,0
97,33,1
97,34,0
97,35,1
97,36,0
97,37,0
97,38,0
97,39,0
97,40,1
97,41,0
97,42,1
97,43,1
97,44,0
97,45,1
97,46,1
97,47,1
97,48,1
97,49,1
97,50,0
97,51,0
97,52,0
97,53,1
97,54,1
97,55,0
97,56,1
97,57,0
97,58,0
97,59,1
97,60,1
97,61,1
97,62,0
97,63,0
97,64,0
97,65,0
97,66,1
97,67,1
97,68,1
97,69,1
97,70,1
97,71,1
97,72,1
97,73,1
97,74,0
97,75,1
97,76,1
97,77,1
98,1,0
98,2,1
98,3,0
98,4,1
98,5,1
98,6,0
98,7,1
98,8,1
98,9,1
98,10,0
98,11,0
98,12,0
98,13,0
98,14,0
98,15,0
98,16,0
98,17,0
98,18,1
98,19,1
98,20,1
98,21,1
98,22,1
98,23,0
98,24,0
98,25,0
98,26,0
98,27,1
98,28,0
98,29,0
98,30,1
98,31,1
98,32,1
98,33,0
98,34,1
98,35,0
98,36,0
98,37,0
98,38,1
98,39,1
98,40,1
98,41,0
98,42,1
98,43,1
98,44,1
98,45,1
98,46,0
98,47,1
98,48,0
98,49,0
98,50,0
98,51,0
98,52,1
98,53,1
98,54,0
98,55,1
98,56,0
98,57,1
98,58,0
98,59,0
98,60,0
98,61,0
98,62,0
98,63,0
98,64,0
98,65,1
98,66,0
98,67,1
98,68,0
98,69,0
98,70,1
98,71,1
98,72,1
98,73,0
98,74,1
98,75,0
98,76,0
98,77,1
99,1,0
99,2,0
99,3,0
99,4,0
99,5,1
99,6,0
99,7,0
99,8,1
99,9,0
99,10,1
99,11,1
99,12,0
99,13,1
99,14,0
99,15,1
99,16,1
99,17,1
99,18,0
99,19,1
99,20,0
99,21,1
99,22,0
99,23,1
99,24,1
99,25,0
99,26,1
99,27,1
99,28,0
99,29,1
99,30,0
99,31,1
99,32,1
99,33,1
99,34,0
99,35,1
99,36,0
99,37,0
99,38,1
99,39,0
99,40,1
99,41,1
99,42,0
99,43,0
99,44,1
99,45,1
99,46,0
99,47,1
99,48,1
99,49,1
99,50,0
99,51,1
99,52,1
99,53,1
99,54,1
99,55,0
99,56,1
99,57,1
99,58,0
99,59,0
99,60,0
99,61,0
99,62,0
99,63,1
99,64,1
99,65,1
99,66,0
99,67,1
99,68,0
99,69,0
99,70,1
99,71,0
99,72,1
99,73,0
99,74,1
99,75,1
99,76,0
99,77,1
100,1,1
100,2,1
100,3,0
100,4,1
100,5,0
100,6,0
100,7,0
100,8,0
100,9,0
100,10,0
100,11,0
100,12,1
100,13,1
100,14,0
100,15,0
100,16,0
100,17,1
100,18,1
100,19,0
100,20,0
100,21,1
100,22,0
100,23,0
100,24,0
100,25,1
100,26,0
100,27,1
100,28,0
100,29,1
100,30,1
100,31,0
100,32,0
100,33,1
100,34,1
100,35,0
100,36,1
100,37,1
100,38,1
100,39,0
100,40,1
100,41,1
100,42,1
100,43,1
100,44,0
100,45,0
100,46,1
100,47,1
100,48,1
100,49,1
100,50,1
100,51,0
100,52,1
100,53,0
100,54,1
100,55,1
100,56,0
100,57,1
100,58,1
100,59,0
100,60,0
100,61,0
100,62,1
100,63,1
100,64,1
100,65,0
100,66,0
100,67,1
100,68,1
100,69,1
100,70,1
100,71,0
100,72,0
100,73,0
100,74,1
100,75,1
100,76,0
100,77,1